symbol,sector,industry
V,Financial Services,Credit Services
BRK/A,,
BRK/B,,
TSM,Technology,Semiconductors
UNH,Healthcare,Healthcare Plans
XOM,Energy,Oil & Gas Integrated
LLY,Healthcare,Drug Manufacturers—General
JNJ,Healthcare,Drug Manufacturers—General
WMT,Consumer Defensive,Discount Stores
JPM,Financial Services,Banks—Diversified
NVO,Healthcare,Biotechnology
MA,Financial Services,Credit Services
PG,Consumer Defensive,Household & Personal Products
HD,Consumer Cyclical,Home Improvement Retail
CVX,Energy,Oil & Gas Integrated
ORCL,Technology,Software—Infrastructure
MRK,Healthcare,Drug Manufacturers—General
TECK,Basic Materials,Other Industrial Metals & Mining
KO,Consumer Defensive,Beverages—Non-Alcoholic
ABBV,Healthcare,Drug Manufacturers—General
TM,Consumer Cyclical,Auto Manufacturers
BAC,Financial Services,Banks—Diversified
BABA,Consumer Cyclical,Internet Retail
PFE,Healthcare,Drug Manufacturers—General
CRM,Technology,Software—Application
NVS,Healthcare,Drug Manufacturers—General
MCD,Consumer Cyclical,Restaurants
ACN,Technology,Information Technology Services
SHEL,Energy,Oil & Gas Integrated
TMO,Healthcare,Diagnostics & Research
FMX,Consumer Defensive,Beverages—Brewers
LIN,Basic Materials,Specialty Chemicals
ABT,Healthcare,Medical Devices
DHR,Healthcare,Diagnostics & Research
DIS,Communication Services,Entertainment
NKE,Consumer Cyclical,Footwear & Accessories
WFC,Financial Services,Banks—Diversified
SAP,Technology,Software—Application
HSBC,Financial Services,Banks—Diversified
BHP,Basic Materials,Other Industrial Metals & Mining
NEE,Utilities,Utilities—Regulated Electric
GSK,Healthcare,Drug Manufacturers—General
UPS,Industrials,Integrated Freight & Logistics
RTX,Industrials,Aerospace & Defense
TTE,Energy,Oil & Gas Integrated
MS,Financial Services,Capital Markets
PM,Consumer Defensive,Tobacco
BMY,Healthcare,Drug Manufacturers—General
UL,Consumer Defensive,Household & Personal Products
BA,Industrials,Aerospace & Defense
RY,Financial Services,Banks—Diversified
AXP,Financial Services,Credit Services
COP,Energy,Oil & Gas E&P
SONY,Technology,Consumer Electronics
SPGI,Financial Services,Financial Data & Stock Exchanges
LOW,Consumer Cyclical,Home Improvement Retail
IBM,Technology,Information Technology Services
HDB,Financial Services,Banks—Regional
UNP,Industrials,Railroads
CAT,,
LMT,Industrials,Aerospace & Defense
GE,Industrials,Specialty Industrial Machinery
T,Communication Services,Telecom Services
GS,Financial Services,Capital Markets
PLD,Real Estate,REIT—Industrial
ELV,Healthcare,Healthcare Plans
MDT,Healthcare,Medical Devices
DE,Industrials,Farm & Heavy Construction Machinery
BUD,Consumer Defensive,Beverages—Brewers
NOW,Technology,Software—Application
TD,Financial Services,Banks—Diversified
BP,Energy,Oil & Gas Integrated
SYK,Healthcare,Medical Devices
RIO,Basic Materials,Other Industrial Metals & Mining
BLK,Financial Services,Asset Management
RTO,Industrials,Specialty Business Services
SCHW,Financial Services,Capital Markets
DEO,Consumer Defensive,Beverages—Wineries & Distilleries
C,Financial Services,Banks—Diversified
PCG,Utilities,Utilities—Regulated Electric
CVS,Healthcare,Healthcare Plans
TJX,Consumer Cyclical,Apparel Retail
EQNR,Energy,Oil & Gas Integrated
PBR,Energy,Oil & Gas Integrated
MMC,Financial Services,Insurance Brokers
AMT,Real Estate,REIT—Specialty
MUFG,Financial Services,Banks—Diversified
UBER,Technology,Software—Application
MO,Consumer Defensive,Tobacco
SO,Utilities,Utilities—Regulated Electric
IBN,Financial Services,Banks—Regional
CB,Financial Services,Insurance—Property & Casualty
CI,Healthcare,Healthcare Plans
SHOP,Technology,Software—Application
ENB,Energy,Oil & Gas Midstream
PGR,Financial Services,Insurance—Property & Casualty
CNI,Industrials,Railroads
ZTS,Healthcare,Drug Manufacturers—Specialty & Generic
HCA,Healthcare,Medical Care Facilities
ETN,Industrials,Specialty Industrial Machinery
BSX,Healthcare,Medical Devices
BTI,Consumer Defensive,Tobacco
ITW,Industrials,Specialty Industrial Machinery
BDX,Healthcare,Medical Instruments & Supplies
CP,Industrials,Railroads
AMX,Communication Services,Telecom Services
DUK,Utilities,Utilities—Regulated Electric
NOC,Industrials,Aerospace & Defense
EOG,Energy,Oil & Gas E&P
SLB,Energy,Oil & Gas Equipment & Services
WM,Industrials,Waste Management
BX,Financial Services,Asset Management
AON,Financial Services,Insurance Brokers
HUM,Healthcare,Healthcare Plans
INFY,Technology,Information Technology Services
EL,Consumer Defensive,Household & Personal Products
CL,Consumer Defensive,Household & Personal Products
VALE,Basic Materials,Other Industrial Metals & Mining
BMO,,
SHW,Basic Materials,Specialty Chemicals
APD,Basic Materials,Specialty Chemicals
CNQ,Energy,Oil & Gas E&P
UBS,Financial Services,Banks—Diversified
MCO,Financial Services,Financial Data & Stock Exchanges
ICE,Financial Services,Financial Data & Stock Exchanges
RELX,Industrials,Specialty Business Services
BNS,Financial Services,Banks—Diversified
TGT,Consumer Defensive,Discount Stores
GD,Industrials,Aerospace & Defense
TRI,Industrials,Specialty Business Services
VMW,Technology,Software—Infrastructure
EPD,Energy,Oil & Gas Midstream
CMG,Consumer Cyclical,Restaurants
FDX,Industrials,Integrated Freight & Logistics
SAN,Financial Services,Banks—Diversified
HMC,Consumer Cyclical,Auto Manufacturers
SMFG,Financial Services,Banks—Diversified
ITUB,Financial Services,Banks—Regional
SNOW,Technology,Software—Application
MMM,Industrials,Conglomerates
SCCO,Basic Materials,Copper
F,Consumer Cyclical,Auto Manufacturers
FCX,Basic Materials,Copper
RACE,Consumer Cyclical,Auto Manufacturers
MCK,Healthcare,Medical Distribution
OXY,Energy,Oil & Gas E&P
HSY,Consumer Defensive,Confectioners
PNC,Financial Services,Banks—Regional
STLA,Consumer Cyclical,Auto Manufacturers
EW,Healthcare,Medical Devices
TAK,Healthcare,Drug Manufacturers—Specialty & Generic
ECL,Basic Materials,Specialty Chemicals
PSA,Real Estate,REIT—Industrial
USB,Financial Services,Banks—Regional
GM,Consumer Cyclical,Auto Manufacturers
MPC,Energy,Oil & Gas Refining & Marketing
ANET,Technology,Computer Hardware
BN,Financial Services,Asset Management
NGG,Utilities,Utilities—Regulated Electric
CCI,Real Estate,REIT—Specialty
NSC,Industrials,Railroads
AIG,Financial Services,Insurance—Diversified
ABEV,Consumer Defensive,Beverages—Brewers
GIS,Consumer Defensive,Packaged Foods
EMR,Industrials,Specialty Industrial Machinery
ROP,Technology,Software—Application
PXD,Energy,Oil & Gas E&P
KKR,Financial Services,Asset Management
KVUE,Consumer Defensive,Household & Personal Products
BSBR,Financial Services,Banks—Regional
ING,Financial Services,Banks—Diversified
E,Energy,Oil & Gas Integrated
MSI,Technology,Communication Equipment
APH,Technology,Electronic Components
SRE,Utilities,Utilities—Diversified
PH,Industrials,Specialty Industrial Machinery
PSX,Energy,Oil & Gas Refining & Marketing
KMB,Consumer Defensive,Household & Personal Products
RSG,Industrials,Waste Management
LVS,Consumer Cyclical,Resorts & Casinos
D,Utilities,Utilities—Regulated Electric
WDS,Energy,Oil & Gas E&P
AJG,Financial Services,Insurance Brokers
STZ,Consumer Defensive,Beverages—Wineries & Distilleries
TDG,Industrials,Aerospace & Defense
JCI,Industrials,Building Products & Equipment
AZO,Consumer Cyclical,Specialty Retail
TFC,Financial Services,Banks—Regional
COF,Financial Services,Credit Services
STM,Technology,Semiconductors
TRP,Energy,Oil & Gas Midstream
BBVA,Financial Services,Banks—Diversified
BCE,Communication Services,Telecom Services
HES,Energy,Oil & Gas E&P
MET,Financial Services,Insurance—Life
AFL,Financial Services,Insurance—Life
APO,Financial Services,Asset Management
VLO,Energy,Oil & Gas Refining & Marketing
TRV,Financial Services,Insurance—Property & Casualty
SU,Energy,Oil & Gas Integrated
TEL,Technology,Electronic Components
WELL,Real Estate,REIT—Healthcare Facilities
O,Real Estate,REIT—Retail
CTVA,Basic Materials,Agricultural Inputs
TT,Industrials,Building Products & Equipment
ADM,Consumer Defensive,Farm Products
ET,Energy,Oil & Gas Midstream
CM,Financial Services,Banks—Diversified
SQ,Technology,Software—Infrastructure
DHI,Consumer Cyclical,Residential Construction
ALC,Healthcare,Medical Instruments & Supplies
PUK,Financial Services,Insurance—Life
MFG,Financial Services,Banks—Regional
IQV,Healthcare,Diagnostics & Research
KMI,Energy,Oil & Gas Midstream
MSCI,Financial Services,Financial Data & Stock Exchanges
CNC,Healthcare,Healthcare Plans
CARR,Industrials,Building Products & Equipment
HLN,Healthcare,Drug Manufacturers—Specialty & Generic
HLT,Consumer Cyclical,Lodging
YUM,Consumer Cyclical,Restaurants
LYG,Financial Services,Banks—Regional
DTE,Utilities,Utilities—Regulated Electric
WMB,Energy,Oil & Gas Midstream
BBD,,
SYY,,
DOW,,
NUE,,
SPG,,
ABC,,
CRH,,
SE,,
LHX,,
MFC,,
GWW,,
OTIS,,
NU,,
ROK,,
BK,,
WCN,,
DELL,,
AME,Industrials,Specialty Industrial Machinery
A,Healthcare,Diagnostics & Research
MPLX,Energy,Oil & Gas Midstream
DG,Consumer Defensive,Discount Stores
CVE,Energy,Oil & Gas Integrated
KR,Consumer Defensive,Grocery Stores
LEN,Consumer Cyclical,Residential Construction
NEM,Basic Materials,Gold
PPG,Basic Materials,Specialty Chemicals
AMP,Financial Services,Asset Management
DVN,Energy,Oil & Gas E&P
VICI,Real Estate,REIT—Diversified
ED,Utilities,Utilities—Regulated Electric
FIS,Technology,Information Technology Services
CMI,Industrials,Specialty Industrial Machinery
DD,Basic Materials,Specialty Chemicals
CHT,Communication Services,Telecom Services
NWG,Financial Services,Banks—Diversified
BBDO,Financial Services,Banks—Regional
RMD,Healthcare,Medical Instruments & Supplies
PLTR,Technology,Software—Infrastructure
PRU,Financial Services,Insurance—Life
PEG,Utilities,Utilities—Regulated Electric
BCS,Financial Services,Banks—Diversified
DLR,Real Estate,REIT—Specialty
ORAN,Communication Services,Telecom Services
VEEV,Healthcare,Health Information Services
FERG,Industrials,Industrial Distribution
SLF,Financial Services,Insurance—Diversified
ALL,Financial Services,Insurance—Property & Casualty
NTR,Basic Materials,Agricultural Inputs
HPQ,Technology,Computer Hardware
HAL,Energy,Oil & Gas Equipment & Services
SPOT,Communication Services,Internet Content & Information
DFS,Financial Services,Credit Services
LYB,Basic Materials,Specialty Chemicals
KEYS,Technology,Scientific & Technical Instruments
AWK,Utilities,Utilities—Regulated Water
ZBH,Healthcare,Medical Devices
MTD,Healthcare,Diagnostics & Research
CPNG,Consumer Cyclical,Internet Retail
WEC,Utilities,Utilities—Regulated Electric
DASH,Communication Services,Internet Content & Information
FNV,Basic Materials,Gold
TLK,Communication Services,Telecom Services
GLW,Technology,Electronic Components
TAC,Utilities,Utilities—Independent Power Producers
VMC,Basic Materials,Building Materials
EFX,Industrials,Consulting Services
IT,Technology,Information Technology Services
TU,Communication Services,Telecom Services
URI,Industrials,Rental & Leasing Services
OKE,Energy,Oil & Gas Midstream
FI,Basic Materials,Oil & Gas Pipelines
APTV,Consumer Cyclical,Auto Parts
PWR,Industrials,Engineering & Construction
MLM,Basic Materials,Building Materials
GPN,Industrials,Specialty Business Services
AVB,Real Estate,REIT—Residential
WIT,Technology,Information Technology Services
EIX,Utilities,Utilities—Regulated Electric
ALB,Basic Materials,Specialty Chemicals
WST,Healthcare,Medical Instruments & Supplies
HUBS,Technology,Software—Application
IR,Industrials,Specialty Industrial Machinery
DAL,Industrials,Airlines
AEM,Basic Materials,Gold
EQR,Real Estate,REIT—Residential
YUMC,Consumer Cyclical,Restaurants
STT,Financial Services,Asset Management
CBRE,Real Estate,Real Estate Services
ES,Utilities,Utilities—Regulated Electric
MKC,Consumer Defensive,Packaged Foods
FTV,Technology,Scientific & Technical Instruments
TEF,Communication Services,Telecom Services
RBLX,Communication Services,Electronic Gaming & Multimedia
QSR,Consumer Cyclical,Restaurants
RCL,Consumer Cyclical,Travel Services
PPL,Utilities,Utilities—Regulated Electric
PKX,Basic Materials,Steel
K,Consumer Defensive,Packaged Foods
CHD,Consumer Defensive,Household & Personal Products
RCI,Communication Services,Telecom Services
CMS,Utilities,Utilities—Regulated Electric
HEI,Industrials,Aerospace & Defense
CAH,Healthcare,Medical Distribution
HRL,Consumer Defensive,Packaged Foods
NOK,Technology,Communication Equipment
HIG,Financial Services,Insurance—Diversified
FE,Utilities,Utilities—Regulated Electric
ZTO,Industrials,Integrated Freight & Logistics
ELP,Utilities,Utilities—Diversified
GPC,Consumer Cyclical,Specialty Retail
AEE,Utilities,Utilities—Regulated Electric
WY,Real Estate,REIT—Specialty
GIB,Technology,Information Technology Services
DB,Financial Services,Banks—Regional
MT,Basic Materials,Steel
ETR,Utilities,Utilities—Regulated Electric
EC,Energy,Oil & Gas Integrated
BAX,Healthcare,Medical Instruments & Supplies
NET,Technology,Software—Infrastructure
UMC,Technology,Semiconductors
MTB,Financial Services,Banks—Regional
INVH,Real Estate,REIT—Residential
ARE,Real Estate,REIT—Office
BEKE,Real Estate,Real Estate Services
FTS,Utilities,Utilities—Regulated Electric
RJF,Financial Services,Capital Markets
STE,Healthcare,Medical Devices
HPE,Technology,Communication Equipment
IX,Financial Services,Credit Services
WPM,Basic Materials,Gold
GRMN,Technology,Scientific & Technical Instruments
SQM,Basic Materials,Specialty Chemicals
ROL,Consumer Cyclical,Personal Services
IFF,Basic Materials,Specialty Chemicals
XYL,Industrials,Specialty Industrial Machinery
DOV,Industrials,Specialty Industrial Machinery
DRI,Consumer Cyclical,Restaurants
EXR,Real Estate,REIT—Industrial
LYV,Communication Services,Entertainment
FICO,Technology,Software—Application
SCI,Consumer Cyclical,Personal Services
CLX,Consumer Defensive,Household & Personal Products
LH,Healthcare,Diagnostics & Research
ASX,Technology,Semiconductors
HWM,Industrials,Aerospace & Defense
NVR,Consumer Cyclical,Residential Construction
OMC,Communication Services,Advertising Agencies
CTRA,Energy,Oil & Gas E&P
KOF,Consumer Defensive,Beverages—Non-Alcoholic
MAA,Real Estate,REIT—Residential
TDY,Technology,Scientific & Technical Instruments
PAYC,Technology,Software—Application
CNHI,Industrials,Farm & Heavy Construction Machinery
VTR,Real Estate,REIT—Healthcare Facilities
CNP,Utilities,Utilities—Regulated Electric
LUV,Industrials,Airlines
BRO,Financial Services,Insurance Brokers
PHG,Healthcare,Medical Devices
EBR,Utilities,Utilities—Regulated Electric
BR,Technology,Information Technology Services
MKL,,
TSN,,
WAB,,
FLT,,
PBA,,
RF,,
COO,,
CCL,,
ATO,,
BIP,,
BLDR,,
MOH,,
LW,,
ARES,,
BALL,,
HUBB,,
BBY,,
CAG,,
SJM,,
IRM,Real Estate,REIT—Specialty
PINS,Communication Services,Internet Content & Information
TS,Energy,Oil & Gas Equipment & Services
TYL,Technology,Software—Application
SUI,Real Estate,REIT—Residential
PHM,Consumer Cyclical,Residential Construction
TRGP,Energy,Oil & Gas Midstream
SNAP,Communication Services,Internet Content & Information
CHWY,Consumer Cyclical,Internet Retail
IEX,Industrials,Specialty Industrial Machinery
MGM,Consumer Cyclical,Resorts & Casinos
IPG,Communication Services,Advertising Agencies
MGA,Consumer Cyclical,Auto Parts
GFL,Industrials,Waste Management
RE,Financial Services,Insurance—Reinsurance
IOT,Technology,Software—Infrastructure
WPC,Real Estate,REIT—Diversified
CUK,Consumer Cyclical,Leisure
ESS,Real Estate,REIT—Residential
DGX,Healthcare,Diagnostics & Research
VIV,Communication Services,Telecom Services
WRB,Financial Services,Insurance—Property & Casualty
PNW,Utilities,Utilities—Regulated Electric
AMCR,Consumer Cyclical,Packaging & Containers
KB,Financial Services,Banks—Regional
J,Industrials,Engineering & Construction
AGR,Utilities,Utilities—Regulated Electric
DT,Technology,Software—Application
WAT,Healthcare,Diagnostics & Research
MRO,Energy,Oil & Gas E&P
RS,Basic Materials,Steel
SYF,Financial Services,Credit Services
WLK,Basic Materials,Specialty Chemicals
AER,Industrials,Rental & Leasing Services
SNA,Industrials,Tools & Accessories
TRU,Industrials,Consulting Services
BG,Consumer Defensive,Farm Products
SHG,Financial Services,Banks—Regional
UDR,Real Estate,REIT—Residential
EQT,Energy,Oil & Gas E&P
RVTY,Healthcare,Diagnostics & Research
GGG,Industrials,Specialty Industrial Machinery
GFI,Basic Materials,Gold
CPB,Consumer Defensive,Packaged Foods
U,Technology,Software—Application
CFG,Financial Services,Banks—Regional
BAH,Industrials,Consulting Services
WSO,Industrials,Industrial Distribution
L,Financial Services,Insurance—Property & Casualty
TAP,Consumer Defensive,Beverages—Brewers
AES,Utilities,Utilities—Diversified
FMS,Healthcare,Medical Care Facilities
CF,Basic Materials,Agricultural Inputs
CCJ,Energy,Uranium
AVTR,Basic Materials,Specialty Chemicals
FMC,Basic Materials,Agricultural Inputs
BEN,Financial Services,Asset Management
TME,Communication Services,Internet Content & Information
TXT,Industrials,Aerospace & Defense
SNN,Healthcare,Medical Devices
AVY,Consumer Cyclical,Packaging & Containers
SWK,Industrials,Tools & Accessories
NIO,Consumer Cyclical,Auto Manufacturers
DECK,Consumer Cyclical,Footwear & Accessories
AMH,Real Estate,REIT—Residential
BAM,Financial Services,Asset Management
CE,Basic Materials,Chemicals
JBL,Technology,Electronic Components
KMX,Consumer Cyclical,Auto & Truck Dealerships
PEN,Healthcare,Medical Devices
BILL,Technology,Software—Application
EPAM,Technology,Information Technology Services
H,Consumer Cyclical,Lodging
MMP,Energy,Oil & Gas Midstream
MAS,Industrials,Building Products & Equipment
SUZ,Basic Materials,Paper & Paper Products
ELS,Real Estate,REIT—Residential
CPT,Real Estate,REIT—Residential
KIM,Real Estate,REIT—Retail
TWLO,Communication Services,Internet Content & Information
IHG,,
ACI,,
CSL,,
PKG,,
WPP,,
MOS,,
DKS,,
ACM,,
TOST,,
JHX,,
LDOS,,
PEAK,,
NMR,,
NI,,
BAP,,
TFX,,
GDDY,,
WTRG,Utilities,Utilities—Regulated Water
IP,Consumer Cyclical,Packaging & Containers
PSTG,Technology,Computer Hardware
LSI,Real Estate,REIT—Industrial
BCH,Financial Services,Banks—Regional
UHAL,Industrials,Rental & Leasing Services
CRBG,Financial Services,Asset Management
LII,Industrials,Building Products & Equipment
OC,Industrials,Building Products & Equipment
TPL,Energy,Oil & Gas E&P
BWA,Consumer Cyclical,Auto Parts
CNA,Financial Services,Insurance—Property & Casualty
RPM,Basic Materials,Specialty Chemicals
BIO,Healthcare,Medical Devices
DPZ,Consumer Cyclical,Restaurants
ARMK,Industrials,Specialty Business Services
AOS,Industrials,Specialty Industrial Machinery
PAG,Consumer Cyclical,Auto & Truck Dealerships
REXR,Real Estate,REIT—Industrial
QGEN,Healthcare,Diagnostics & Research
GL,Financial Services,Insurance—Life
FND,Consumer Cyclical,Home Improvement Retail
UI,Technology,Communication Equipment
WES,Energy,Oil & Gas Midstream
AU,Basic Materials,Gold
CRL,Healthcare,Diagnostics & Research
CX,Basic Materials,Building Materials
DAR,Consumer Defensive,Packaged Foods
TTC,Industrials,Tools & Accessories
TPR,Consumer Cyclical,Luxury Goods
COTY,Consumer Defensive,Household & Personal Products
CCK,Consumer Cyclical,Packaging & Containers
RBA,Industrials,Specialty Business Services
CUBE,Real Estate,REIT—Industrial
KEY,Financial Services,Banks—Regional
ALLE,Industrials,Security & Protection Services
AFG,Financial Services,Insurance—Property & Casualty
NLY,Real Estate,REIT—Mortgage
VIPS,Consumer Cyclical,Internet Retail
PNR,Industrials,Specialty Industrial Machinery
JNPR,Technology,Communication Equipment
AEG,Financial Services,Insurance—Diversified
CDAY,Technology,Software—Application
BBWI,Consumer Cyclical,Specialty Retail
MTN,Consumer Cyclical,Resorts & Casinos
USFD,Consumer Defensive,Food Distribution
FNF,Financial Services,Insurance—Specialty
RRX,Industrials,Specialty Industrial Machinery
RGA,Financial Services,Insurance—Reinsurance
EMN,Basic Materials,Specialty Chemicals
ONON,Consumer Cyclical,Footwear & Accessories
PATH,Technology,Software—Infrastructure
UHS,Healthcare,Medical Care Facilities
KEP,Utilities,Utilities—Regulated Electric
EQH,Financial Services,Insurance—Diversified
RDY,Healthcare,Drug Manufacturers—Specialty & Generic
IDA,Utilities,Utilities—Regulated Electric
BURL,Consumer Cyclical,Apparel Retail
VST,Utilities,Utilities—Independent Power Producers
OVV,Energy,Oil & Gas E&P
AGCO,Industrials,Farm & Heavy Construction Machinery
TFII,Industrials,Trucking
PCOR,Technology,Software—Application
GGB,Basic Materials,Steel
PAC,Industrials,Airports & Air Services
UNM,Financial Services,Insurance—Life
KNX,Industrials,Trucking
INSP,Healthcare,Medical Devices
BSAC,Financial Services,Banks—Regional
DVA,Healthcare,Medical Care Facilities
DINO,Energy,Oil & Gas Refining & Marketing
BKI,Technology,Software—Application
BEP,Utilities,Utilities—Renewable
SNX,Technology,Electronics & Computer Distribution
OGE,Utilities,Utilities—Regulated Electric
SSL,Basic Materials,Specialty Chemicals
MTZ,Industrials,Engineering & Construction
DCP,Energy,Oil & Gas Midstream
KBR,Industrials,Engineering & Construction
PFGC,Consumer Defensive,Food Distribution
AGL,Healthcare,Medical Care Facilities
HII,Industrials,Aerospace & Defense
WMS,Industrials,Building Products & Equipment
CLH,Industrials,Waste Management
ASR,Industrials,Airports & Air Services
BXP,Real Estate,REIT—Office
ALLY,Financial Services,Credit Services
RNR,Financial Services,Insurance—Reinsurance
SKM,Communication Services,Telecom Services
SKX,Consumer Cyclical,Footwear & Accessories
FBIN,,
BJ,,
TX,,
EME,,
KNSL,,
WSM,,
CLF,,
TOL,,
TEVA,,
LEA,,
GPK,,
COLD,,
VRT,,
CHE,,
DLB,,
WCC,,
NRG,,
NYCB,,
NNN,,
NVT,Industrials,Electrical Equipment & Parts
RHI,Industrials,Staffing & Employment Services
FRT,Real Estate,REIT—Retail
WHR,Consumer Cyclical,"Furnishings, Fixtures & Appliances"
RL,Consumer Cyclical,Apparel Manufacturing
WEX,Technology,Software—Infrastructure
STVN,Healthcare,Medical Instruments & Supplies
XPEV,Consumer Cyclical,Auto Manufacturers
SBS,Utilities,Utilities—Regulated Water
ARW,Technology,Electronics & Computer Distribution
GLOB,Technology,Information Technology Services
EGP,Real Estate,REIT—Industrial
WRK,Consumer Cyclical,Packaging & Containers
ALV,Consumer Cyclical,Auto Parts
ATR,Healthcare,Medical Instruments & Supplies
HR,Real Estate,REIT—Healthcare Facilities
BERY,Consumer Cyclical,Packaging & Containers
VFC,Consumer Cyclical,Apparel Manufacturing
THC,Healthcare,Medical Care Facilities
ORI,Financial Services,Insurance—Diversified
JEF,Financial Services,Capital Markets
IVZ,Financial Services,Asset Management
PSO,Communication Services,Publishing
WWE,Communication Services,Entertainment
OHI,Real Estate,REIT—Healthcare Facilities
DCI,Industrials,Specialty Industrial Machinery
BLD,Industrials,Engineering & Construction
JLL,Real Estate,Real Estate Services
TIMB,Communication Services,Telecom Services
NCLH,Consumer Cyclical,Travel Services
CACI,Technology,Information Technology Services
GXO,Industrials,Integrated Freight & Logistics
YMM,Technology,Software—Application
GNRC,Industrials,Specialty Industrial Machinery
EDU,Consumer Defensive,Education & Training Services
ICL,Basic Materials,Agricultural Inputs
ITT,Industrials,Specialty Industrial Machinery
CFR,Financial Services,Banks—Regional
INGR,Consumer Defensive,Packaged Foods
VOYA,Financial Services,Financial Conglomerates
PRI,Financial Services,Insurance—Life
LAD,Consumer Cyclical,Auto & Truck Dealerships
CTLT,Healthcare,Drug Manufacturers—Specialty & Generic
AXTA,Basic Materials,Specialty Chemicals
BYD,Consumer Cyclical,Resorts & Casinos
AMC,Communication Services,Entertainment
CIB,Financial Services,Banks—Regional
GME,Consumer Cyclical,Specialty Retail
G,Technology,Information Technology Services
WF,Financial Services,Banks—Regional
RRC,Energy,Oil & Gas E&P
ESTC,Technology,Software—Application
FR,Real Estate,REIT—Industrial
STN,Industrials,Engineering & Construction
WBS,Financial Services,Banks—Regional
CSAN,Energy,Oil & Gas Refining & Marketing
ST,Technology,Scientific & Technical Instruments
GOL,Industrials,Airlines
SITE,Industrials,Industrial Distribution
CW,Industrials,Aerospace & Defense
OLN,Basic Materials,Specialty Chemicals
PII,Consumer Cyclical,Recreational Vehicles
AIZ,Financial Services,Insurance—Specialty
CAE,Industrials,Aerospace & Defense
WOLF,Technology,Semiconductors
FTI,Energy,Oil & Gas Equipment & Services
EDR,Communication Services,Entertainment
FCN,Industrials,Consulting Services
TPX,Consumer Cyclical,"Furnishings, Fixtures & Appliances"
AN,Consumer Cyclical,Auto & Truck Dealerships
BLCO,Healthcare,Medical Instruments & Supplies
STAG,Real Estate,REIT—Industrial
BRX,Real Estate,REIT—Retail
VVV,Energy,Oil & Gas Refining & Marketing
TNET,Industrials,Staffing & Employment Services
WFG,Basic Materials,Lumber & Wood Production
HLI,Financial Services,Capital Markets
FHN,Financial Services,Banks—Regional
EHC,Healthcare,Medical Care Facilities
AR,Energy,Oil & Gas E&P
TREX,Industrials,Building Products & Equipment
AA,Basic Materials,Aluminum
SF,Financial Services,Capital Markets
ALK,Industrials,Airlines
MUSA,Consumer Cyclical,Specialty Retail
WH,,
HXL,,
CIEN,,
SON,,
UGI,,
RBC,,
DOCS,,
IGT,,
NOV,,
MHK,,
NYT,,
MTDR,,
MSA,,
DDS,,
BEPC,,
CHH,,
DV,,
KT,,
EXP,,
MUR,Energy,Oil & Gas E&P
TKR,Industrials,Tools & Accessories
BC,Consumer Cyclical,Recreational Vehicles
KGC,Basic Materials,Gold
RLI,Financial Services,Insurance—Property & Casualty
BWXT,Industrials,Aerospace & Defense
ADC,Real Estate,REIT—Retail
STWD,Real Estate,REIT—Mortgage
AQN,Utilities,Utilities—Renewable
PVH,Consumer Cyclical,Apparel Manufacturing
VMI,Industrials,Conglomerates
GWRE,Technology,Software—Application
RH,Consumer Cyclical,Specialty Retail
FAF,Financial Services,Insurance—Specialty
WTS,Industrials,Specialty Industrial Machinery
SWN,Energy,Oil & Gas E&P
PNM,Utilities,Utilities—Regulated Electric
APG,Industrials,Engineering & Construction
W,Consumer Cyclical,Internet Retail
PLNT,Consumer Cyclical,Leisure
SAIC,Technology,Information Technology Services
CIVI,Energy,Oil & Gas E&P
SRC,Real Estate,REIT—Diversified
LEVI,Consumer Cyclical,Apparel Manufacturing
FIX,Industrials,Engineering & Construction
UNVR,Basic Materials,Chemicals
PAAS,Basic Materials,Gold
XPO,Industrials,Trucking
ADT,Industrials,Security & Protection Services
NEP,Utilities,Utilities—Renewable
GMED,Healthcare,Medical Devices
FSK,Financial Services,Asset Management
SEE,Consumer Cyclical,Packaging & Containers
ELF,Consumer Defensive,Household & Personal Products
CIG,Utilities,Utilities—Diversified
PB,Financial Services,Banks—Regional
CLVT,Technology,Information Technology Services
CMA,Financial Services,Banks—Regional
DXC,Technology,Information Technology Services
GTLS,Industrials,Specialty Industrial Machinery
SSD,Basic Materials,Lumber & Wood Production
MPW,Real Estate,REIT—Healthcare Facilities
AIRC,Real Estate,REIT—Residential
CMC,Basic Materials,Steel
ATKR,Industrials,Electrical Equipment & Parts
OSK,Industrials,Farm & Heavy Construction Machinery
MNSO,Consumer Cyclical,Specialty Retail
COHR,Technology,Scientific & Technical Instruments
NE,Energy,Oil & Gas Drilling
ONTO,Technology,Semiconductor Equipment & Materials
PBF,Energy,Oil & Gas Refining & Marketing
MSM,Industrials,Industrial Distribution
FLO,Consumer Defensive,Packaged Foods
WK,Technology,Software—Application
ORCC,Financial Services,Credit Services
AMG,Financial Services,Asset Management
BIPC,Utilities,Utilities—Regulated Gas
GIL,Consumer Cyclical,Apparel Manufacturing
BFAM,Consumer Cyclical,Personal Services
RHP,Real Estate,REIT—Hotel & Motel
AIT,Industrials,Industrial Distribution
NVST,Healthcare,Medical Instruments & Supplies
AM,Energy,Oil & Gas Midstream
OMF,Financial Services,Credit Services
HGV,Consumer Cyclical,Resorts & Casinos
SLGN,Consumer Cyclical,Packaging & Containers
SMAR,Technology,Software—Application
POST,Consumer Defensive,Packaged Foods
SBSW,Basic Materials,Gold
MMS,Industrials,Specialty Business Services
ORA,Utilities,Utilities—Renewable
TMHC,Consumer Cyclical,Residential Construction
AYI,Industrials,Electrical Equipment & Parts
X,Basic Materials,Steel
ATI,Industrials,Metal Fabrication
OGN,Healthcare,Drug Manufacturers—General
ESNT,Financial Services,Insurance—Specialty
TDC,Technology,Software—Infrastructure
ENLC,Energy,Oil & Gas Midstream
THO,Consumer Cyclical,Recreational Vehicles
INFA,Technology,Software—Infrastructure
OWL,Financial Services,Asset Management
YPF,Energy,Oil & Gas Integrated
PHI,Communication Services,Telecom Services
ABG,Consumer Cyclical,Auto & Truck Dealerships
PSN,Technology,Information Technology Services
ALSN,Consumer Cyclical,Auto Parts
AGI,Basic Materials,Gold
HOG,Consumer Cyclical,Recreational Vehicles
NSP,Industrials,Staffing & Employment Services
TRNO,Real Estate,REIT—Industrial
CNM,Industrials,Industrial Distribution
HRB,Consumer Cyclical,Personal Services
NJR,Utilities,Utilities—Regulated Gas
NFG,Energy,Oil & Gas Integrated
HE,Utilities,Utilities—Regulated Electric
VAC,Consumer Cyclical,Resorts & Casinos
BRBR,Consumer Defensive,Packaged Foods
VNT,Technology,Scientific & Technical Instruments
RYAN,,
CC,,
ASAN,,
MTH,,
MLI,,
FLS,,
NEWR,,
HOMB,,
DTM,,
SNDR,,
LTHM,,
ASH,,
JHG,,
CPRI,,
EVR,,
AL,,
HUN,,
KRG,,
MTG,Financial Services,Insurance—Specialty
AXS,Financial Services,Insurance—Specialty
TRTN,Industrials,Rental & Leasing Services
LPX,Industrials,Building Products & Equipment
DEN,Energy,Oil & Gas E&P
DNB,Financial Services,Financial Data & Stock Exchanges
CR,Industrials,Specialty Industrial Machinery
OGS,Utilities,Utilities—Regulated Gas
LPL,Technology,Consumer Electronics
VAL,Energy,Oil & Gas Equipment & Services
SNV,Financial Services,Banks—Regional
PRGO,Healthcare,Drug Manufacturers—Specialty & Generic
RIG,Energy,Oil & Gas Drilling
KEX,Industrials,Marine Shipping
NTCO,Consumer Defensive,Household & Personal Products
PDI,Financial Services,Asset Management
ZWS,Industrials,Pollution & Treatment Controls
BMI,Technology,Scientific & Technical Instruments
ESI,Basic Materials,Specialty Chemicals
ELAN,Healthcare,Drug Manufacturers—Specialty & Generic
HAE,Healthcare,Medical Instruments & Supplies
SWX,Utilities,Utilities—Regulated Gas
KNTK,Energy,Oil & Gas Midstream
RYN,Real Estate,REIT—Specialty
POR,Utilities,Utilities—Regulated Electric
WU,Financial Services,Credit Services
GATX,Industrials,Rental & Leasing Services
CPA,Industrials,Airlines
ENIC,Utilities,Utilities—Regulated Electric
ALIT,Technology,Software—Application
JOBY,Industrials,Airports & Air Services
AJRD,Industrials,Aerospace & Defense
RITM,Real Estate,REIT—Mortgage
FNB,Financial Services,Banks—Regional
AMN,Healthcare,Medical Care Facilities
TIXT,Technology,Software—Infrastructure
WAL,Financial Services,Banks—Regional
M,Consumer Cyclical,Department Stores
ENS,Industrials,Electrical Equipment & Parts
MSGS,Communication Services,Entertainment
MDU,Industrials,Conglomerates
BKH,Utilities,Utilities—Diversified
LEG,Consumer Cyclical,"Furnishings, Fixtures & Appliances"
S,Technology,Software—Infrastructure
BOX,Technology,Software—Infrastructure
GEF,Consumer Cyclical,Packaging & Containers
BAK,Basic Materials,Chemicals
AI,Technology,Software—Application
FLR,Industrials,Engineering & Construction
FN,Technology,Electronic Components
THG,Financial Services,Insurance—Property & Casualty
CBT,Basic Materials,Specialty Chemicals
RDN,Financial Services,Insurance—Specialty
IRT,Real Estate,REIT—Residential
SUM,Basic Materials,Building Materials
CNMD,Healthcare,Medical Devices
SAM,Consumer Defensive,Beverages—Brewers
KBH,Consumer Cyclical,Residential Construction
TAL,Consumer Defensive,Education & Training Services
SQSP,Technology,Software—Infrastructure
ETRN,Energy,Oil & Gas Midstream
UGP,Energy,Oil & Gas Refining & Marketing
MGY,Energy,Oil & Gas E&P
AZEK,Industrials,Building Products & Equipment
BDC,Technology,Communication Equipment
LTH,Consumer Cyclical,Leisure
LNC,Financial Services,Insurance—Life
AB,Financial Services,Asset Management
DOCN,Technology,Software—Infrastructure
TDOC,Healthcare,Health Information Services
ESAB,Industrials,Metal Fabrication
NEU,Basic Materials,Specialty Chemicals
MAN,Industrials,Staffing & Employment Services
MP,Basic Materials,Other Industrial Metals & Mining
HHC,Real Estate,Real Estate—Diversified
SPXC,Industrials,Specialty Industrial Machinery
DNA,Healthcare,Biotechnology
GBCI,Financial Services,Banks—Regional
VSH,Technology,Semiconductors
CPG,Energy,Oil & Gas E&P
CABO,Communication Services,Telecom Services
R,Industrials,Rental & Leasing Services
AAP,Consumer Cyclical,Specialty Retail
SID,Basic Materials,Steel
JBT,Industrials,Specialty Industrial Machinery
CADE,Financial Services,Banks—Regional
NNI,Financial Services,Credit Services
SUN,Energy,Oil & Gas Refining & Marketing
TEX,Industrials,Farm & Heavy Construction Machinery
ATHM,Communication Services,Internet Content & Information
WTM,Financial Services,Insurance—Property & Casualty
SKY,,
CXM,,
FOUR,,
EPRT,,
SEAS,,
TGNA,,
FSS,,
MODG,,
HI,,
LU,,
SEM,,
KWR,,
GTES,,
AEL,,
ADNT,,
WNS,,
ASGN,,
AVNT,,
ASAI,,
HP,Energy,Oil & Gas Drilling
APLE,Real Estate,REIT—Hotel & Motel
ACA,Industrials,Engineering & Construction
FUL,Basic Materials,Specialty Chemicals
NCR,Technology,Information Technology Services
GPS,Consumer Cyclical,Apparel Retail
ALE,Utilities,Utilities—Diversified
KRC,Real Estate,REIT—Office
SM,Energy,Oil & Gas E&P
EVH,Healthcare,Health Information Services
CS,Financial Services,Banks—Diversified
INST,Technology,Software—Application
HEP,Energy,Oil & Gas Midstream
SR,Utilities,Utilities—Regulated Gas
TKC,Communication Services,Telecom Services
CWEN,Utilities,Utilities—Renewable
SMG,Basic Materials,Agricultural Inputs
HRI,Industrials,Rental & Leasing Services
DOC,Real Estate,REIT—Healthcare Facilities
CALX,Technology,Software—Application
EPR,Real Estate,REIT—Specialty
GPI,Consumer Cyclical,Auto & Truck Dealerships
BXMT,Real Estate,REIT—Mortgage
BSM,Energy,Oil & Gas E&P
UNF,Industrials,Specialty Business Services
FHI,Financial Services,Asset Management
GOLF,Consumer Cyclical,Leisure
AWR,Utilities,Utilities—Regulated Water
BCO,Industrials,Security & Protection Services
LAC,Basic Materials,Other Industrial Metals & Mining
IBP,Consumer Cyclical,Residential Construction
UAA,Consumer Cyclical,Apparel Manufacturing
TPH,Consumer Cyclical,Residential Construction
EURN,Energy,Oil & Gas Midstream
PAGS,Technology,Software—Infrastructure
PFSI,Financial Services,Mortgage Finance
HL,Basic Materials,Other Precious Metals & Mining
CUZ,Real Estate,REIT—Office
SPR,Industrials,Aerospace & Defense
FRO,Energy,Oil & Gas Midstream
PR,Energy,Oil & Gas E&P
OI,Consumer Cyclical,Packaging & Containers
GKOS,Healthcare,Medical Devices
MDC,Consumer Cyclical,Residential Construction
NSA,Real Estate,REIT—Industrial
AGO,Financial Services,Insurance—Specialty
DY,Industrials,Engineering & Construction
SXT,Basic Materials,Specialty Chemicals
JWN,Consumer Cyclical,Department Stores
RNG,Technology,Software—Application
CXT,Industrials,Specialty Industrial Machinery
MAIN,Financial Services,Asset Management
CWAN,Technology,Software—Application
ERF,Energy,Oil & Gas E&P
AVA,Utilities,Utilities—Diversified
MANU,Communication Services,Entertainment
CWT,Utilities,Utilities—Regulated Water
BE,Industrials,Electrical Equipment & Parts
TNL,Consumer Cyclical,Travel Services
NOMD,Consumer Defensive,Packaged Foods
ENOV,Industrials,Specialty Industrial Machinery
DQ,Technology,Semiconductor Equipment & Materials
YETI,Consumer Cyclical,Leisure
LCII,Consumer Cyclical,Recreational Vehicles
PK,Real Estate,REIT—Hotel & Motel
KOS,Energy,Oil & Gas E&P
BCC,Basic Materials,Building Materials
ABM,Industrials,Specialty Business Services
BNL,Real Estate,REIT—Diversified
UA,Consumer Cyclical,Apparel Manufacturing
WOR,Industrials,Metal Fabrication
ESMT,Technology,Software—Infrastructure
SPB,Consumer Defensive,Household & Personal Products
PWSC,Technology,Software—Application
AWI,Industrials,Building Products & Equipment
BB,,
LXP,Real Estate,REIT—Industrial
CRC,Energy,Oil & Gas E&P
VNO,Real Estate,REIT—Office
OR,Basic Materials,Gold
CCU,Consumer Defensive,Beverages—Brewers
ROG,Technology,Electronic Components
CNS,Financial Services,Asset Management
ENV,Technology,Software—Application
ERJ,Industrials,Aerospace & Defense
KMPR,Financial Services,Insurance—Property & Casualty
CBU,Financial Services,Banks—Regional
CHPT,Consumer Cyclical,Specialty Retail
ZGN,Consumer Cyclical,Apparel Manufacturing
FG,Financial Services,Insurance—Life
BTU,Energy,Thermal Coal
ARNC,Industrials,Metal Fabrication
BUR,Financial Services,Asset Management
AVAL,Financial Services,Banks—Regional
PBH,Healthcare,Drug Manufacturers—Specialty & Generic
TFPM,Basic Materials,Other Precious Metals & Mining
TV,Communication Services,Telecom Services
CNX,Energy,Oil & Gas E&P
AIN,Consumer Cyclical,Textile Manufacturing
KD,Technology,Information Technology Services
NOG,Energy,Oil & Gas E&P
AYX,Technology,Software—Application
GMS,Industrials,Building Products & Equipment
CEQP,Energy,Oil & Gas Midstream
THS,Consumer Defensive,Packaged Foods
HMY,Basic Materials,Gold
GNW,Financial Services,Insurance—Life
ITGR,Healthcare,Medical Devices
QS,Consumer Cyclical,Auto Parts
CVI,Energy,Oil & Gas Refining & Marketing
SITC,Real Estate,REIT—Retail
CRK,Energy,Oil & Gas E&P
MC,Financial Services,Capital Markets
GHC,Consumer Defensive,Education & Training Services
IHS,Communication Services,Telecom Services
SIG,Consumer Cyclical,Luxury Goods
TR,Consumer Defensive,Confectioners
OFC,Real Estate,REIT—Office
SHAK,,
MATX,,
IFS,,
CNO,,
KFY,,
MCW,,
STNG,,
RLX,,
CBZ,,
JOE,,
LAZ,,
NABL,,
WD,,
BHC,,
DAVA,,
ABR,,
WHD,,
GRBK,,
REZI,,
RXO,Industrials,Trucking
ASB,Financial Services,Banks—Regional
CRI,Consumer Cyclical,Apparel Retail
ESE,Technology,Scientific & Technical Instruments
OUT,Real Estate,REIT—Specialty
YELP,Communication Services,Internet Content & Information
AX,Financial Services,Banks—Regional
KAI,Industrials,Specialty Industrial Machinery
NPO,Industrials,Specialty Industrial Machinery
CRS,Industrials,Metal Fabrication
APAM,Financial Services,Asset Management
AMRC,Industrials,Engineering & Construction
BRC,Industrials,Security & Protection Services
KSS,Consumer Cyclical,Department Stores
PIPR,Financial Services,Capital Markets
TEO,Communication Services,Telecom Services
FL,Consumer Cyclical,Apparel Retail
TDW,Energy,Oil & Gas Equipment & Services
MAC,Real Estate,REIT—Retail
JXN,Financial Services,Insurance—Life
SFBS,Financial Services,Banks—Regional
MWA,Industrials,Specialty Industrial Machinery
LBRT,Energy,Oil & Gas Equipment & Services
HIW,Real Estate,REIT—Office
SJW,Utilities,Utilities—Regulated Water
ENR,Industrials,Electrical Equipment & Parts
EVTC,Technology,Software—Infrastructure
AGTI,Healthcare,Health Information Services
KW,Real Estate,Real Estate Services
HAYW,Industrials,Electrical Equipment & Parts
DBRG,Real Estate,Real Estate Services
GETY,Communication Services,Internet Content & Information
FTCH,Consumer Cyclical,Internet Retail
AEO,Consumer Cyclical,Apparel Retail
CPK,Utilities,Utilities—Regulated Gas
DKL,Energy,Oil & Gas Refining & Marketing
SKT,Real Estate,REIT—Retail
TCN,Real Estate,Real Estate Services
KTB,Consumer Cyclical,Apparel Manufacturing
APE,Communication Services,Entertainment
CSTM,Basic Materials,Aluminum
AMBP,Consumer Cyclical,Packaging & Containers
NHI,Real Estate,REIT—Healthcare Facilities
FBP,Financial Services,Banks—Regional
EQC,Real Estate,REIT—Office
FCPT,Real Estate,REIT—Retail
KMT,Industrials,Tools & Accessories
SIX,Consumer Cyclical,Leisure
CNK,Communication Services,Entertainment
LSPD,Technology,Software—Application
AMR,Basic Materials,Coking Coal
ITCL,Financial Services,Banks—Regional
CCS,Consumer Cyclical,Residential Construction
HASI,Real Estate,REIT—Specialty
MTRN,Basic Materials,Other Industrial Metals & Mining
EVEX,Industrials,Aerospace & Defense
SHO,Real Estate,REIT—Hotel & Motel
FUN,Consumer Cyclical,Leisure
DEI,Real Estate,REIT—Office
DOOR,Industrials,Building Products & Equipment
SCL,Basic Materials,Specialty Chemicals
WLYB,Communication Services,Publishing
AMK,Financial Services,Asset Management
WLY,Communication Services,Publishing
ALG,Industrials,Farm & Heavy Construction Machinery
BOOT,Consumer Cyclical,Apparel Retail
VIST,Energy,Oil & Gas E&P
PAM,Utilities,Utilities—Independent Power Producers
AUB,Financial Services,Banks—Regional
DAN,Consumer Cyclical,Auto Parts
EPC,Consumer Defensive,Household & Personal Products
YOU,Technology,Software—Application
NXE,Energy,Uranium
CEIX,Energy,Thermal Coal
IONQ,Technology,Computer Hardware
HTH,Financial Services,Banks—Regional
GFF,Industrials,Conglomerates
JKS,Technology,Solar
ARCH,Basic Materials,Coking Coal
MHO,Consumer Cyclical,Residential Construction
FSLY,Technology,Software—Application
PRMW,Consumer Defensive,Beverages—Non-Alcoholic
CPE,Energy,Oil & Gas E&P
CWK,Real Estate,Real Estate Services
B,Industrials,Specialty Industrial Machinery
TGLS,Basic Materials,Building Materials
BOWL,Consumer Cyclical,Leisure
HLIO,Industrials,Specialty Industrial Machinery
LVWR,Consumer Cyclical,Auto Manufacturers
STR,Energy,Oil & Gas E&P
DFH,Consumer Cyclical,Residential Construction
HTGC,Financial Services,Asset Management
CVNA,Consumer Cyclical,Auto & Truck Dealerships
PD,Technology,Software—Application
VET,Energy,Oil & Gas E&P
NOVA,Technology,Solar
XPRO,Energy,Oil & Gas Equipment & Services
WGO,Consumer Cyclical,Recreational Vehicles
NGVT,Basic Materials,Specialty Chemicals
VGR,Consumer Defensive,Tobacco
OSCR,Healthcare,Healthcare Plans
NEX,Energy,Oil & Gas Equipment & Services
BRFS,Consumer Defensive,Packaged Foods
IIPR,Real Estate,REIT—Industrial
USAC,Energy,Oil & Gas Equipment & Services
MSGE,Consumer Cyclical,Leisure
CTRE,Real Estate,REIT—Healthcare Facilities
COUR,Consumer Defensive,Education & Training Services
TROX,Basic Materials,Chemicals
TGS,Energy,Oil & Gas Integrated
ATGE,Consumer Defensive,Education & Training Services
AIR,Industrials,Aerospace & Defense
NS,Energy,Oil & Gas Midstream
ARCO,Consumer Cyclical,Restaurants
BTE,Energy,Oil & Gas E&P
GPOR,Energy,Oil & Gas E&P
HIMS,Consumer Defensive,Household & Personal Products
SDRL,Energy,Oil & Gas Drilling
GDV,Financial Services,Asset Management
HCC,Basic Materials,Coking Coal
TRN,Industrials,Railroads
MTX,,
SLVM,,
ZETA,,
FSR,,
INSW,,
BOH,,
LUMN,,
EGO,,
BIGZ,,
OII,,
BVN,,
BMEZ,,
WMK,,
PJT,,
PEB,,
LRN,,
SSTK,,
TALO,,
AESI,,
JBGS,Real Estate,REIT—Office
CAAP,Industrials,Airports & Air Services
RLJ,Real Estate,REIT—Hotel & Motel
DRH,Real Estate,REIT—Hotel & Motel
UE,Real Estate,REIT—Retail
PHR,Healthcare,Health Information Services
GVA,Industrials,Engineering & Construction
SLG,Real Estate,REIT—Office
GTY,Real Estate,REIT—Retail
CTOS,Industrials,Rental & Leasing Services
NUS,Consumer Defensive,Household & Personal Products
GOOS,Consumer Cyclical,Apparel Manufacturing
FORG,Technology,Software—Infrastructure
ANF,Consumer Cyclical,Apparel Retail
SGHC,Consumer Cyclical,Gambling
TGH,Industrials,Rental & Leasing Services
BKE,Consumer Cyclical,Apparel Retail
VLRS,Industrials,Airlines
GAB,Financial Services,Asset Management
BROS,Consumer Cyclical,Restaurants
SAVE,Industrials,Airlines
SXI,Industrials,Specialty Industrial Machinery
ERO,Basic Materials,Copper
ZIP,Industrials,Staffing & Employment Services
MOD,Consumer Cyclical,Auto Parts
BKU,Financial Services,Banks—Regional
PGTI,Industrials,Building Products & Equipment
MIR,Industrials,Specialty Industrial Machinery
BNRE,Financial Services,Insurance—Reinsurance
RES,Energy,Oil & Gas Equipment & Services
MCY,Financial Services,Insurance—Property & Casualty
BCAT,,
KAR,Consumer Cyclical,Auto & Truck Dealerships
BORR,Energy,Oil & Gas Drilling
FNA,Healthcare,Medical Devices
MLNK,Technology,Software—Application
SAFE,Real Estate,REIT—Diversified
BHVN,Healthcare,Biotechnology
AGM,Financial Services,Credit Services
SAH,Consumer Cyclical,Auto & Truck Dealerships
FLNG,Energy,Oil & Gas Midstream
QTWO,Technology,Software—Application
MEI,Technology,Electronic Components
ENVA,Financial Services,Credit Services
COMP,Technology,Software—Application
HBI,Consumer Cyclical,Apparel Manufacturing
NAPA,Consumer Defensive,Beverages—Wineries & Distilleries
PRG,Industrials,Rental & Leasing Services
ECAT,,
DK,Energy,Oil & Gas Refining & Marketing
RAMP,Technology,Software—Infrastructure
VRTV,Industrials,Conglomerates
SWI,Technology,Software—Infrastructure
PRIM,Industrials,Engineering & Construction
EAT,Consumer Cyclical,Restaurants
CLS,Technology,Electronic Components
IVT,Real Estate,REIT—Retail
YEXT,Technology,Software—Infrastructure
KN,Technology,Communication Equipment
EPAC,Industrials,Specialty Industrial Machinery
OMI,Healthcare,Medical Distribution
VSTO,Consumer Cyclical,Leisure
ZUO,Technology,Software—Infrastructure
AG,Basic Materials,Silver
NWN,Utilities,Utilities—Regulated Gas
OXM,Consumer Cyclical,Apparel Manufacturing
AROC,Energy,Oil & Gas Equipment & Services
VRE,Real Estate,REIT—Residential
ZIM,Industrials,Marine Shipping
TSLX,Financial Services,Asset Management
SAND          ,,
ETWO,Technology,Software—Application
RCUS,Healthcare,Biotechnology
TARO,Healthcare,Drug Manufacturers—Specialty & Generic
ARI,Real Estate,REIT—Mortgage
RQI,Financial Services,Asset Management
INT,Energy,Oil & Gas Refining & Marketing
CMTG,Real Estate,REIT—Mortgage
BBUC,Financial Services,Asset Management
CNNE,Consumer Cyclical,Restaurants
BFH,Financial Services,Credit Services
GSBD,Financial Services,Asset Management
CODI,Industrials,Conglomerates
SPNT,Financial Services,Insurance—Reinsurance
OEC,Basic Materials,Specialty Chemicals
RVT,Financial Services,Asset Management
TNC,Industrials,Specialty Industrial Machinery
CTS,Technology,Electronic Components
BBU,Industrials,Conglomerates
FCF,Financial Services,Banks—Regional
CMP,Basic Materials,Other Industrial Metals & Mining
PARR,Energy,Oil & Gas Refining & Marketing
USPH,Healthcare,Medical Care Facilities
TY,Financial Services,Asset Management
VVX,Industrials,Aerospace & Defense
PDO,Basic Materials,Independent Oil & Gas
VSCO,Consumer Cyclical,Apparel Retail
XHR,Real Estate,REIT—Hotel & Motel
FBK,Financial Services,Banks—Regional
ESTE,Energy,Oil & Gas E&P
ELME,Real Estate,REIT—Residential
JBI,Industrials,Building Products & Equipment
BMA,Financial Services,Banks—Regional
AZUL,Industrials,Airlines
PRO,Technology,Software—Application
EVRI,Consumer Cyclical,Gambling
BSTZ,Financial Services,Asset Management
LTC,Real Estate,REIT—Healthcare Facilities
LNN,Industrials,Farm & Heavy Construction Machinery
MBC,Consumer Cyclical,"Furnishings, Fixtures & Appliances"
KEN,Utilities,Utilities—Independent Power Producers
AKR,Real Estate,REIT—Retail
DFIN,Financial Services,Capital Markets
NTB,Financial Services,Banks—Diversified
ETV,Financial Services,Asset Management
PFS,Financial Services,Banks—Regional
ALEX,Real Estate,REIT—Retail
RYI,Industrials,Metal Fabrication
LMND,Financial Services,Insurance—Property & Casualty
DEA,Real Estate,REIT—Office
USM,Communication Services,Telecom Services
WRBY,Healthcare,Medical Instruments & Supplies
LADR,Real Estate,REIT—Mortgage
FIGS,Consumer Cyclical,Apparel Manufacturing
MSC,Consumer Cyclical,Resorts & Casinos
DHT,Energy,Oil & Gas Midstream
TDCX,Industrials,Specialty Business Services
PX,Financial Services,Asset Management
DAC,Industrials,Marine Shipping
TWO,Real Estate,REIT—Mortgage
VZIO,Technology,Consumer Electronics
DOLE,Consumer Defensive,Farm Products
CGAU,Basic Materials,Gold
CWH,Consumer Cyclical,Auto & Truck Dealerships
OFG,,
SBH,,
FDP,,
HMN,,
AIV,,
MEG,,
ECVT,,
UTZ,,
DDD,,
MMI,,
JELD,,
HESM,,
WNC,,
GENI,,
ATUS,,
NBHC,,
CHGG,,
HKD,,
UVV,Consumer Defensive,Tobacco
TNK,Energy,Oil & Gas Midstream
FINV,Financial Services,Credit Services
PAY,Technology,Software—Infrastructure
HBM,Basic Materials,Copper
DO,Energy,Oil & Gas Drilling
LZB,Consumer Cyclical,"Furnishings, Fixtures & Appliances"
MODN,Technology,Software—Application
GEL,Energy,Oil & Gas Midstream
USNA,Consumer Defensive,Packaged Foods
UNFI,Consumer Defensive,Food Distribution
EAF,Industrials,Electrical Equipment & Parts
DSL,Financial Services,Asset Management
RC,Real Estate,REIT—Mortgage
CARS,Consumer Cyclical,Auto & Truck Dealerships
AAT,Real Estate,REIT—Diversified
CIM,Real Estate,REIT—Mortgage
MD,Healthcare,Medical Care Facilities
SFL,Industrials,Marine Shipping
HLF,Consumer Defensive,Packaged Foods
STC,Financial Services,Insurance—Property & Casualty
AVNS,Healthcare,Medical Devices
NXRT,Real Estate,REIT—Residential
SG,Consumer Cyclical,Restaurants
OLO,Technology,Software—Application
FBRT,Real Estate,REIT—Mortgage
CLB,Energy,Oil & Gas Equipment & Services
RVLV,Consumer Cyclical,Internet Retail
GES,Consumer Cyclical,Apparel Retail
SSU,Consumer Cyclical,Specialty Retail
MFA,Real Estate,REIT—Mortgage
WWW,Consumer Cyclical,Footwear & Accessories
SPCE,Industrials,Aerospace & Defense
BST,Financial Services,Asset Management
ESRT,Real Estate,REIT—Diversified
PMT,Real Estate,REIT—Mortgage
RKT,Financial Services,Mortgage Finance
HNI,Industrials,Business Equipment & Supplies
DNOW,Energy,Oil & Gas Equipment & Services
KYN,Financial Services,Asset Management
LOB,Financial Services,Banks—Regional
CMRE,Industrials,Marine Shipping
HLX,Energy,Oil & Gas Equipment & Services
BBAR,Financial Services,Banks—Regional
SHCO,Consumer Cyclical,Lodging
TUYA,Technology,Software—Infrastructure
KIND,Communication Services,Internet Content & Information
SA,Basic Materials,Gold
GNL,Real Estate,REIT—Diversified
NTST,Real Estate,REIT—Retail
WT,Financial Services,Asset Management
CEPU,Utilities,Utilities—Regulated Electric
FOR,Real Estate,Real Estate—Development
GRND,Technology,Software—Application
PKST,Real Estate,REIT—Diversified
NIC,Financial Services,Banks—Regional
CXW,Industrials,Security & Protection Services
SEMR,Technology,Software—Application
GLP,Energy,Oil & Gas Midstream
ATEN,Technology,Software—Infrastructure
EIG,Financial Services,Insurance—Specialty
NOAH,Financial Services,Asset Management
AGRO,Consumer Defensive,Farm Products
FVRR,Communication Services,Internet Content & Information
CDE,Basic Materials,Gold
MUC,Financial Services,Asset Management
ARGO,Financial Services,Insurance—Property & Casualty
PRM,Basic Materials,Specialty Chemicals
FREY,Industrials,Electrical Equipment & Parts
KRO,Basic Materials,Specialty Chemicals
WTTR,Basic Materials,Specialty Chemicals
BHLB,Financial Services,Banks—Regional
PGRE,Real Estate,REIT—Office
MPLN,Healthcare,Health Information Services
FSM,Basic Materials,Gold
PAR,Technology,Software—Application
IMAX,Communication Services,Entertainment
GIC,Industrials,Industrial Distribution
AZZ,Industrials,Specialty Business Services
GDOT,Financial Services,Credit Services
SLCA,Energy,Oil & Gas Equipment & Services
NVGS,Energy,Oil & Gas Midstream
SBR,Energy,Oil & Gas E&P
ARR,Real Estate,REIT—Mortgage
DRD,Basic Materials,Gold
LC,Financial Services,Credit Services
UMH,Real Estate,REIT—Residential
NBR,Energy,Oil & Gas Drilling
ASIX,Basic Materials,Chemicals
CIR,Industrials,Specialty Industrial Machinery
XPOF,Consumer Cyclical,Leisure
DIN,Consumer Cyclical,Restaurants
GAM,Financial Services,Asset Management
PLYM,Real Estate,REIT—Industrial
GBX,Industrials,Railroads
PTA,Financial Services,Asset Management
GB,Technology,Software—Infrastructure
BGS,Consumer Defensive,Packaged Foods
SPH,Utilities,Utilities—Regulated Gas
LPG,Energy,Oil & Gas Midstream
SPLP,Industrials,Conglomerates
WDH,Financial Services,Insurance—Diversified
OBK,Financial Services,Banks—Regional
BTZ,Financial Services,Asset Management
ALX,Real Estate,REIT—Retail
BSIG,Financial Services,Asset Management
CBD,Consumer Cyclical,Department Stores
CSR,Real Estate,REIT—Residential
GEO,Industrials,Security & Protection Services
PL,Industrials,Aerospace & Defense
MATV,Basic Materials,Specialty Chemicals
LICY,Industrials,Waste Management
RGR,Industrials,Aerospace & Defense
PRLB,Industrials,Metal Fabrication
FSCO,Financial Services,Asset Management
SPHR,Communication Services,Entertainment
BFS,Real Estate,REIT—Retail
HY,Industrials,Farm & Heavy Construction Machinery
CHCT,Real Estate,REIT—Healthcare Facilities
KRP,,
ETW,,
RPT,,
UAN,,
RNP,,
EFC,,
AMPS,,
NX,,
AXL,,
PUMP,,
BHE,,
SII,,
STEM,,
UTL,,
DRQ,,
CAL,,
MED,,
PRS,,
PDM,,
ACEL,Consumer Cyclical,Gambling
CUBI,Financial Services,Banks—Regional
MUI,Financial Services,Asset Management
MQY,Financial Services,Asset Management
BCSF,Financial Services,Asset Management
BBDC,Financial Services,Credit Services
RSKD,Technology,Software—Application
TDS,Communication Services,Telecom Services
BRSP,Real Estate,REIT—Diversified
VTEX,Technology,Software—Application
TMST,Basic Materials,Steel
SCS,Industrials,Business Equipment & Supplies
THR,Industrials,Specialty Industrial Machinery
BXC,Industrials,Industrial Distribution
MRC,Energy,Oil & Gas Equipment & Services
UBA,Real Estate,REIT—Retail
KREF,Real Estate,REIT—Mortgage
CII,Financial Services,Asset Management
ARLO,Industrials,Building Products & Equipment
GOTU,Consumer Defensive,Education & Training Services
SMP,Consumer Cyclical,Auto Parts
UBP,Real Estate,REIT—Retail
HQH,Financial Services,Asset Management
NVRO,Healthcare,Medical Devices
AMPX,Industrials,Electrical Equipment & Parts
HRT,Industrials,Staffing & Employment Services
ACHR,Industrials,Aerospace & Defense
GRNT,Energy,Oil & Gas E&P
AHH,Real Estate,REIT—Diversified
HGTY,Financial Services,Insurance—Property & Casualty
BCX,Financial Services,Asset Management
EVA,Basic Materials,Lumber & Wood Production
TGI,Industrials,Aerospace & Defense
EB,Technology,Software—Application
AC,Financial Services,Asset Management
LXU,Basic Materials,Chemicals
WLKP,Basic Materials,Chemicals
NAT,Industrials,Marine Shipping
PRA,Financial Services,Insurance—Property & Casualty
HUYA,Communication Services,Entertainment
BKD,Healthcare,Medical Care Facilities
REVG,Industrials,Farm & Heavy Construction Machinery
LOMA,Basic Materials,Building Materials
BDN,Real Estate,REIT—Office
VTLE,Energy,Oil & Gas E&P
CDRE,Industrials,Aerospace & Defense
MYE,Consumer Cyclical,Packaging & Containers
BLX,Financial Services,Banks—Regional
CBL,Real Estate,REIT—Retail
DLX,Communication Services,Advertising Agencies
MYI,Financial Services,Asset Management
BANC,Financial Services,Banks—Regional
EFXT,Energy,Oil & Gas Equipment & Services
HZO,Consumer Cyclical,Specialty Retail
BALY,Consumer Cyclical,Resorts & Casinos
INN,Real Estate,REIT—Hotel & Motel
HPP,Real Estate,REIT—Office
CAPL,Energy,Oil & Gas Refining & Marketing
RWT,Real Estate,REIT—Mortgage
PGRU,Communication Services,Internet Content & Information
VTS,Energy,Oil & Gas E&P
NEXA,Basic Materials,Other Industrial Metals & Mining
BY,Financial Services,Banks—Regional
ETD,Consumer Cyclical,"Furnishings, Fixtures & Appliances"
CINT,Technology,Software—Infrastructure
CHS,Consumer Cyclical,Apparel Retail
GTN,Communication Services,Broadcasting
DM,Technology,Computer Hardware
GRC,Industrials,Specialty Industrial Machinery
HOUS,Real Estate,Real Estate Services
ZH,Communication Services,Internet Content & Information
BZH,Consumer Cyclical,Residential Construction
IDT,Communication Services,Telecom Services
PLOW,Consumer Cyclical,Auto Parts
YALA,Technology,Software—Application
SES,Consumer Cyclical,Auto Parts
HSC,Industrials,Waste Management
WOW,Communication Services,Telecom Services
DLY,,
TWI,Industrials,Farm & Heavy Construction Machinery
UHT,Real Estate,REIT—Healthcare Facilities
NRGX,,
RERE,Consumer Cyclical,Internet Retail
BV,Industrials,Specialty Business Services
NXP,Financial Services,Asset Management
VTOL,Energy,Oil & Gas Equipment & Services
AMWL,Healthcare,Health Information Services
SMRT,Technology,Software—Application
KOP,Basic Materials,Specialty Chemicals
GSL,Industrials,Marine Shipping
LANV,Consumer Cyclical,Luxury Goods
FPI,Real Estate,REIT—Specialty
KAMN,Industrials,Aerospace & Defense
DX,Real Estate,REIT—Mortgage
TXO,Energy,Oil & Gas E&P
CCO,Communication Services,Advertising Agencies
VMO,Financial Services,Asset Management
NMM,Industrials,Marine Shipping
AORT,Healthcare,Medical Devices
GHLD,Financial Services,Mortgage Finance
PBI,Industrials,Integrated Freight & Logistics
PDS,Energy,Oil & Gas Drilling
UP,Industrials,Airports & Air Services
ENFN,Technology,Software—Application
EHAB,Healthcare,Medical Care Facilities
AMBC,Financial Services,Insurance—Specialty
DAO,Consumer Defensive,Education & Training Services
NDMO,,
SXC,Basic Materials,Coking Coal
NMCO,,
ECC           ,,
APRN,Consumer Cyclical,Internet Retail
PSFE,Technology,Software—Infrastructure
MHD,Financial Services,Asset Management
IIIN,Industrials,Metal Fabrication
BH,Consumer Cyclical,Restaurants
WTI,Energy,Oil & Gas E&P
BOC,Communication Services,Advertising Agencies
MTW,Industrials,Farm & Heavy Construction Machinery
NRP,Energy,Thermal Coal
DDL,Consumer Defensive,Grocery Stores
MOV,Consumer Cyclical,Luxury Goods
GMRE,Real Estate,REIT—Healthcare Facilities
SBOW,Energy,Oil & Gas E&P
GPRK,Energy,Oil & Gas E&P
AIO,,
MUJ,Financial Services,Asset Management
EXK,Basic Materials,Other Precious Metals & Mining
GNK,Industrials,Marine Shipping
EGLE,Industrials,Marine Shipping
ALLG,Consumer Cyclical,Auto Parts
TK,Energy,Oil & Gas Midstream
REX,Basic Materials,Specialty Chemicals
PERF,,
YSG,,
BVH,,
NPK,,
TRTX,,
DCO,,
CION,,
BME,,
NIE,,
TBI,,
CLW,,
GBTG,,
MPX,,
IIM,,
SMR,,
DBI,,
HOV,,
ACRE,,
PFLT,Financial Services,Asset Management
EBF,Industrials,Business Equipment & Supplies
SGU,Energy,Oil & Gas Refining & Marketing
SD,Energy,Oil & Gas E&P
VVI,Industrials,Specialty Business Services
IRS,Real Estate,Real Estate Services
ASPN,Industrials,Building Products & Equipment
EE,Utilities,Utilities—Renewable
VGM,Financial Services,Asset Management
VKQ,Financial Services,Asset Management
WBX,Technology,Electronic Components
GUT,Financial Services,Asset Management
MX,Technology,Semiconductors
TSE,Basic Materials,Specialty Chemicals
SMWB,Technology,Software—Application
WEAV,Technology,Software—Application
AGX,Industrials,Engineering & Construction
NGL,Energy,Oil & Gas Midstream
NOA,Energy,Oil & Gas Equipment & Services
BW,Industrials,Specialty Industrial Machinery
TNP,Energy,Oil & Gas Midstream
EDN,Utilities,Utilities—Regulated Electric
CYH,Healthcare,Medical Care Facilities
COOK,Consumer Cyclical,"Furnishings, Fixtures & Appliances"
HCI,Financial Services,Insurance—Property & Casualty
UWMC,Financial Services,Mortgage Finance
MCS,Communication Services,Entertainment
FTHY,,
ASC,Industrials,Marine Shipping
VPG,Technology,Scientific & Technical Instruments
AVD,Basic Materials,Agricultural Inputs
IQI,Financial Services,Asset Management
SRI,Consumer Cyclical,Auto Parts
ALTG,Industrials,Rental & Leasing Services
FC,Industrials,Consulting Services
CRGY,Energy,Oil & Gas E&P
CLDT,Real Estate,REIT—Hotel & Motel
MYD,Financial Services,Asset Management
UVE,Financial Services,Insurance—Property & Casualty
LND,Consumer Defensive,Farm Products
XPER,Technology,Software—Application
ACCO,Industrials,Business Equipment & Supplies
SRG,Real Estate,REIT—Retail
LAW,Technology,Software—Application
WSR,Real Estate,REIT—Retail
TRC,Industrials,Conglomerates
MBI,Financial Services,Insurance—Specialty
DESP,Consumer Cyclical,Travel Services
HVT,Consumer Cyclical,Home Improvement Retail
OIS,Energy,Oil & Gas Equipment & Services
VCV,Financial Services,Asset Management
QD,Financial Services,Credit Services
BLW,Financial Services,Asset Management
LEV,Industrials,Farm & Heavy Construction Machinery
GLOP,Energy,Oil & Gas Midstream
CPF,Financial Services,Banks—Regional
CPAC,Basic Materials,Building Materials
IVR,Real Estate,REIT—Mortgage
GBLI,Financial Services,Insurance—Property & Casualty
BFLY,Healthcare,Medical Devices
OLP,Real Estate,REIT—Diversified
GHG,Consumer Cyclical,Lodging
EGY,Energy,Oil & Gas E&P
OPY,Financial Services,Capital Markets
MVF,Financial Services,Asset Management
AAN,Industrials,Rental & Leasing Services
NXDT,Real Estate,REIT—Diversified
MAX,Communication Services,Internet Content & Information
FRA,Financial Services,Asset Management
HLLY,Consumer Cyclical,Auto Parts
EBS,Healthcare,Drug Manufacturers—Specialty & Generic
TPVG,Financial Services,Asset Management
MCB,Financial Services,Banks—Regional
SST,Industrials,Specialty Business Services
RMT,Financial Services,Asset Management
CSV,Consumer Cyclical,Personal Services
MLR,Consumer Cyclical,Auto Parts
KODK,Industrials,Specialty Business Services
EVTL,Industrials,Aerospace & Defense
DSX,Industrials,Marine Shipping
NETI,Industrials,Marine Shipping
BBLN,Healthcare,Health Information Services
FF,Basic Materials,Specialty Chemicals
JPI,Financial Services,Asset Management
TPB,Consumer Defensive,Tobacco
SKE,Basic Materials,Other Industrial Metals & Mining
ORC,Real Estate,REIT—Mortgage
SB,Industrials,Marine Shipping
CYD,Industrials,Specialty Industrial Machinery
ETB,Financial Services,Asset Management
EVN,Financial Services,Asset Management
VHI,Basic Materials,Chemicals
MBSC,Financial Services,Shell Companies
EVC,Communication Services,Advertising Agencies
CTO,Real Estate,REIT—Diversified
ONTF,Technology,Software—Application
EQBK,Financial Services,Banks—Regional
PNNT,Financial Services,Asset Management
LEO,Financial Services,Asset Management
FUBO,Communication Services,Broadcasting
ODV,Basic Materials,Gold
NOTE,Technology,Information Technology Services
BRT,Real Estate,REIT—Residential
TTI,Energy,Oil & Gas Equipment & Services
NRGV,Utilities,Utilities—Renewable
AMRX,Healthcare,Drug Manufacturers—Specialty & Generic
GBAB,Financial Services,Asset Management
CANO,Healthcare,Medical Care Facilities
HIPO,Financial Services,Insurance—Specialty
NUVB,Healthcare,Biotechnology
LDI,Financial Services,Mortgage Finance
GNE,Utilities,Utilities—Regulated Electric
ETO,Financial Services,Asset Management
ONL,,
NR,,
GHI,,
SDHY,,
MUX,,
VEL,,
HQL,,
PACK,,
PMO,,
TPC,,
PPT,,
FRGE,,
BRDG,,
JMIA,,
OOMA,,
MYTE,,
RMAX,,
VLD,,
BGR,,
KMF,Financial Services,Asset Management
KTF,Financial Services,Asset Management
ODC,Basic Materials,Specialty Chemicals
EFT,Financial Services,Asset Management
SAR,Financial Services,Asset Management
RFMZ,,
NAN,Financial Services,Asset Management
MIN,Financial Services,Asset Management
MIY,Financial Services,Asset Management
TYG,Financial Services,Asset Management
USX,Industrials,Trucking
DTC,Consumer Cyclical,Internet Retail
ARL,Real Estate,Real Estate—Development
GNTY,Financial Services,Banks—Regional
BRCC,Consumer Defensive,Packaged Foods
GROV,Consumer Defensive,Household & Personal Products
TCI,Real Estate,Real Estate Services
AMTD,Financial Services,Asset Management
SOR,Financial Services,Asset Management
MHN,Financial Services,Asset Management
QUOT,Communication Services,Advertising Agencies
HYLN,Consumer Cyclical,Auto Parts
CVEO,Industrials,Specialty Business Services
NVTA,Healthcare,Diagnostics & Research
MCI,Financial Services,Asset Management
AEVA,Consumer Cyclical,Auto Parts
RFI,Financial Services,Asset Management
OSG,Energy,Oil & Gas Midstream
FINS,,
RNGR,Energy,Oil & Gas Equipment & Services
NCV,Financial Services,Asset Management
DNMR,Basic Materials,Specialty Chemicals
FOF,Financial Services,Asset Management
BBW,Consumer Cyclical,Specialty Retail
ASA,Financial Services,Asset Management
GATO,Basic Materials,Other Precious Metals & Mining
RMM,Financial Services,Asset Management
MEC,Industrials,Metal Fabrication
PSTL,Real Estate,REIT—Office
OIA,Financial Services,Asset Management
BBAI,Technology,Information Technology Services
NL,Industrials,Security & Protection Services
EGGF,Financial Services,Shell Companies
IPI,Basic Materials,Agricultural Inputs
SCM,Financial Services,Asset Management
PMM,Financial Services,Asset Management
QBTS,Technology,Computer Hardware
NRDY,Technology,Software—Application
GCI,Communication Services,Publishing
RYAM,Basic Materials,Chemicals
RM,Financial Services,Credit Services
UIS,Technology,Information Technology Services
SOI,Energy,Oil & Gas Equipment & Services
SLQT,Financial Services,Insurance Brokers
AMPY,Energy,Oil & Gas E&P
PKE,Industrials,Aerospace & Defense
ARIS,Utilities,Utilities—Regulated Water
BHR,Real Estate,REIT—Hotel & Motel
EOT,Financial Services,Asset Management
MSB,Basic Materials,Steel
ARDC,Financial Services,Asset Management
RBOT,Healthcare,Medical Devices
NREF,Real Estate,REIT—Mortgage
MCR,Financial Services,Asset Management
MMT,Financial Services,Asset Management
GHL,Financial Services,Capital Markets
MLP,Real Estate,Real Estate Services
NC,Energy,Thermal Coal
FET,Energy,Oil & Gas Equipment & Services
GCO,Consumer Cyclical,Apparel Retail
GPMT,Real Estate,REIT—Mortgage
BKT,Financial Services,Asset Management
CURV,Consumer Cyclical,Apparel Retail
SMHI,Industrials,Marine Shipping
BHIL,Basic Materials,Agricultural Inputs
OPAD,Real Estate,Real Estate Services
NGVC,Consumer Defensive,Grocery Stores
TG,Industrials,Metal Fabrication
SOL,Technology,Solar
HT,Real Estate,REIT—Hotel & Motel
EEX,Communication Services,Advertising Agencies
BARK,Consumer Cyclical,Specialty Retail
KFS,Consumer Cyclical,Auto & Truck Dealerships
VLN,Technology,Semiconductors
BKSY,Technology,Scientific & Technical Instruments
SKLZ,Communication Services,Electronic Gaming & Multimedia
BLND,Technology,Software—Application
SUPV,Financial Services,Banks—Regional
SCU,Financial Services,Asset Management
XFLT,,
VPV,Financial Services,Asset Management
OCN,Financial Services,Mortgage Finance
UTI,Consumer Defensive,Education & Training Services
SKIL,Consumer Defensive,Education & Training Services
AGS,Consumer Cyclical,Gambling
MQT,Financial Services,Asset Management
PINE,Real Estate,REIT—Retail
DOUG,Real Estate,Real Estate Services
NCZ,Financial Services,Asset Management
MVT,,
PSF,,
HSHP,,
MG,,
MUE,,
CCRD,,
OUST,,
YRD,,
CIO,,
ZVIA,,
JILL,,
MFM,,
CPS,,
ADCT,,
LLAP,,
ACV,,
CNF,,
NMG,,
VTN,,
XYF,Financial Services,Credit Services
RSI,Consumer Cyclical,Gambling
TLYS,Consumer Cyclical,Apparel Retail
GWH,Industrials,Electrical Equipment & Parts
KNOP,Industrials,Marine Shipping
BIG,Consumer Defensive,Discount Stores
ETX           ,,
QUAD,Industrials,Specialty Business Services
DHX,Technology,Software—Application
MKFG,Technology,Computer Hardware
IHIT,Financial Services,Asset Management
TSQ,Communication Services,Advertising Agencies
AOMR,Real Estate,REIT—Mortgage
GGT,Financial Services,Asset Management
FT,Financial Services,Asset Management
FPH,Real Estate,Real Estate—Development
TEAF,Financial Services,Asset Management
GRX,Financial Services,Asset Management
CTV,Communication Services,Advertising Agencies
CATO,Consumer Cyclical,Apparel Retail
PIM,Financial Services,Asset Management
CANG,Consumer Cyclical,Auto & Truck Dealerships
RDW,Industrials,Aerospace & Defense
SMLP,Energy,Oil & Gas Midstream
AENZ,Industrials,Engineering & Construction
CBH,Financial Services,Asset Management
TCS,Consumer Cyclical,Specialty Retail
MIXT,Technology,Software—Application
IH,Consumer Defensive,Education & Training Services
MBAC,Financial Services,Shell Companies
HBB,Consumer Cyclical,"Furnishings, Fixtures & Appliances"
AHT,Real Estate,REIT—Hotel & Motel
BODY,Communication Services,Internet Content & Information
CRT,Energy,Oil & Gas E&P
GLT,Basic Materials,Paper & Paper Products
MVO,Energy,Oil & Gas E&P
IAG,Basic Materials,Gold
AZRE,Utilities,Utilities—Renewable
GHM,Industrials,Specialty Industrial Machinery
MUA,Financial Services,Asset Management
AJX,Real Estate,REIT—Mortgage
UFI,,
MPV,Financial Services,Asset Management
OCFT,Technology,Software—Application
LL,Consumer Cyclical,Home Improvement Retail
LITB,Consumer Cyclical,Internet Retail
VOC,Energy,Oil & Gas E&P
FOA,Financial Services,Credit Services
WE,Real Estate,Real Estate Services
ARC,Industrials,Specialty Business Services
CHMI,Real Estate,REIT—Mortgage
MITT,Real Estate,REIT—Mortgage
JHS,Financial Services,Asset Management
SPRU,Technology,Solar
NGS,Energy,Oil & Gas Equipment & Services
WHG,Financial Services,Asset Management
ANVS,Healthcare,Biotechnology
FMN,Financial Services,Asset Management
VATE,Industrials,Engineering & Construction
SRT,Technology,Information Technology Services
AAIC,Real Estate,REIT—Mortgage
NINE,Energy,Oil & Gas Equipment & Services
OPA,Financial Services,Shell Companies
HRTG,Financial Services,Insurance—Property & Casualty
BKKT,Technology,Software—Infrastructure
CIA,Financial Services,Insurance—Life
BPT,Energy,Oil & Gas Midstream
CXE,Financial Services,Asset Management
PHX,Energy,Oil & Gas E&P
JHI,Financial Services,Asset Management
SQNS,Technology,Semiconductors
ENZ,Healthcare,Diagnostics & Research
MGF,Financial Services,Asset Management
MDV,Real Estate,REIT—Diversified
DLNG,Energy,Oil & Gas Midstream
KORE,Communication Services,Telecom Services
SPIR,Industrials,Specialty Business Services
RAD,Healthcare,Pharmaceutical Retailers
RMI,,
SUP,Consumer Cyclical,Auto Parts
GGZ,Financial Services,Asset Management
BGSF,Industrials,Staffing & Employment Services
SRL,Financial Services,Capital Markets
EARN,Real Estate,REIT—Mortgage
LFT,Real Estate,REIT—Mortgage
NXG,Financial Services,Asset Management
ML,Technology,Software—Application
EVF,Financial Services,Asset Management
RFM,,
CMU,Financial Services,Asset Management
GNT,Financial Services,Asset Management
CLPR,Real Estate,REIT—Residential
DOMA,Real Estate,Real Estate Services
GCV,Financial Services,Asset Management
NXC,Financial Services,Asset Management
PVL,Energy,Oil & Gas E&P
JEQ,Financial Services,Asset Management
ORN,Industrials,Engineering & Construction
AXR,Real Estate,Real Estate—Development
SCX,Industrials,Tools & Accessories
FXLV,Consumer Cyclical,Leisure
DTF,Financial Services,Asset Management
NTZ,Consumer Cyclical,"Furnishings, Fixtures & Appliances"
JHAA,,
ACR,Real Estate,REIT—Mortgage
CURO,Financial Services,Credit Services
ZEPP,,
JPT,,
MFD,,
FTK,,
CXH,,
SNDA,,
IHTA,,
AKA,,
AP,,
CULP,,
MRDB,,
CCM,,
SONX,,
CMCM,,
PRT,,
BNED,,
VNCE,,
RGT,Financial Services,Asset Management
WMC,Real Estate,REIT—Mortgage
VIAO,Technology,Electronic Components
CZOO,Consumer Cyclical,Auto & Truck Dealerships
RSF,,
BEDU,Consumer Defensive,Education & Training Services
RFL,Real Estate,Real Estate Services
RGS,Consumer Cyclical,Personal Services
GETR,Technology,Software—Application
NXN,Financial Services,Asset Management
STG,Consumer Defensive,Education & Training Services
HLGN,Utilities,Utilities—Renewable
BEST,Industrials,Trucking
EXPR,Consumer Cyclical,Apparel Retail
NLS,Consumer Cyclical,Leisure
CGA,Basic Materials,Agricultural Inputs
NM,Industrials,Marine Shipping
LOCL,Consumer Defensive,Farm Products
USDP,Industrials,Railroads
TUP,Consumer Cyclical,Packaging & Containers
AIU,Consumer Defensive,Education & Training Services
ICD,Energy,Oil & Gas Drilling
KLR,Technology,Software—Application
ATIP,Healthcare,Medical Care Facilities
RENN,Technology,Software—Application
OPFI,Financial Services,Credit Services
VHC,Technology,Software—Infrastructure
SUNL,Financial Services,Credit Services
TISI,Industrials,Specialty Business Services
GOLD,Basic Materials,Gold
MFV,Financial Services,Asset Management
BTCM,Technology,Information Technology Services
VAPO,Healthcare,Medical Devices
BRDS,Industrials,Rental & Leasing Services
FATH,Technology,Computer Hardware
BQ,Consumer Cyclical,Specialty Retail
FENG,Communication Services,Internet Content & Information
RBT,Technology,Software—Application
JT,Financial Services,Credit Services
UPH,Healthcare,Health Information Services
SOS,Technology,Software—Infrastructure
OWLT,Healthcare,Medical Devices
KUKE,Communication Services,Entertainment
LEJU,Real Estate,Real Estate Services
SHPW,Industrials,Specialty Industrial Machinery
ATTO,Industrials,Specialty Business Services
EQS,Financial Services,Asset Management
MOGU,Consumer Cyclical,Internet Retail
AFGC,,
ZEV,Industrials,Farm & Heavy Construction Machinery
XIN,Real Estate,Real Estate—Development
CORR,Real Estate,REIT—Specialty
NYC,Real Estate,Real Estate Services
GEHI,Consumer Defensive,Education & Training Services
IRNT,Technology,Software—Infrastructure
FEDU,Consumer Defensive,Education & Training Services
DMS,Communication Services,Advertising Agencies
SQZ,Healthcare,Biotechnology
BHG,Healthcare,Healthcare Plans
AAC,Financial Services,Shell Companies
AAIN,,
ACP,Financial Services,Asset Management
ACRO,Financial Services,Shell Companies
ADX,Financial Services,Asset Management
AEFC,,
AESC,Utilities,Utilities—Diversified
AFB,Financial Services,Asset Management
AFGB,,
AFGD,,
AFGE,,
AFT,Financial Services,Asset Management
AFTR,Financial Services,Shell Companies
AGAC,Financial Services,Shell Companies
AGD,,
AIC,,
AIF,Financial Services,Asset Management
AIZN,,
AJXA,,
AKO/A,,
AKO/B,,
ALCC,Financial Services,Shell Companies
AOD,Financial Services,Asset Management
APCA,Financial Services,Shell Companies
APGB,Financial Services,Shell Companies
AQNA,,
AQNB,,
AQNU,Utilities,Utilities—Renewable
ARGD,,
ASBA,,
ASG,Financial Services,Asset Management
ASGI,,
ATEK,Financial Services,Shell Companies
ATMU,Industrials,Pollution & Treatment Controls
ATS,Industrials,Specialty Industrial Machinery
AVK,Financial Services,Asset Management
AWF,Financial Services,Asset Management
AWP,Financial Services,Asset Management
BBN,Financial Services,Asset Management
BDJ,Financial Services,Asset Management
BEPH,,
BEPI,,
BF/A,,
BF/B,,
BFAC,Financial Services,Shell Companies
BFK,Financial Services,Asset Management
BFZ,Financial Services,Asset Management
BGB,Financial Services,Asset Management
BGH,Financial Services,Asset Management
BGT,Financial Services,Asset Management
BGX,Financial Services,Asset Management
BGY,Financial Services,Asset Management
BHK,Financial Services,Asset Management
BHV,Financial Services,Asset Management
BIO/B,,
BIPH,,
BIPI,,
BIT,Financial Services,Asset Management
BKDT,,
BKN,Financial Services,Asset Management
BLE,Financial Services,Asset Management
BMAC,Financial Services,Shell Companies
BMN,Financial Services,Asset Management
BNH,,
BNJ,,
BNY,Financial Services,Asset Management
BOAC,Financial Services,Shell Companies
BOE,Financial Services,Asset Management
BRD,Financial Services,Shell Companies
BRW,Financial Services,Asset Management
BSAQ,Financial Services,Shell Companies
BSL,Financial Services,Asset Management
BTA,Financial Services,Asset Management
BTO,Financial Services,Asset Management
BTT,Financial Services,Asset Management
BUI,Financial Services,Asset Management
BWG,Financial Services,Asset Management
BWNB,,
BWSN,,
BXMX,Financial Services,Asset Management
BXSL,Financial Services,Asset Management
BYM,Financial Services,Asset Management
BYN,Financial Services,Shell Companies
CAF,Financial Services,Asset Management
CCV,Financial Services,Shell Companies
CCVI,Financial Services,Shell Companies
CCZ,,
CEE,Financial Services,Asset Management
CEM,Financial Services,Asset Management
CEN,Financial Services,Asset Management
CHN,Financial Services,Asset Management
CIF,Financial Services,Asset Management
CLBR,Financial Services,Shell Companies
CLCO,Industrials,Marine Shipping
CMSA,,
CMSC,,
CMSD,,
CNDA,Financial Services,Shell Companies
CNDB,Financial Services,Shell Companies
CORS,Financial Services,Shell Companies
CPTK,Financial Services,Shell Companies
CPUH,Financial Services,Shell Companies
CRD/A,,
CRD/B,,
CSTA,Financial Services,Shell Companies
CTBB,,
CTDD,,
CTR,Financial Services,Asset Management
CUBB,,
CVII,Financial Services,Shell Companies
CXAC,Financial Services,Shell Companies
DBL,Financial Services,Asset Management
DCF,,
DDT,,
DFP,Financial Services,Asset Management
DHF,Financial Services,Asset Management
DIAX,Financial Services,Asset Management
DMA,Financial Services,Asset Management
DMB,Financial Services,Asset Management
DMO,Financial Services,Asset Management
DNP,Financial Services,Asset Management
DPG,Financial Services,Asset Management
DSAQ,Financial Services,Shell Companies
DSM,Financial Services,Asset Management
DSU,Financial Services,Asset Management
DTB,,
DTG,,
DTW,,
DUKB,,
EAI,,
ECCC,Financial Services,Asset Management
ECCV,,
ECCW,,
ECCX,,
EDD,Financial Services,Asset Management
EDF,Financial Services,Asset Management
EDI,Financial Services,Asset Management
EEA,Financial Services,Asset Management
EFR,Financial Services,Asset Management
EGF,Financial Services,Asset Management
EHI,Financial Services,Asset Management
EIC,,
EICA,,
ELC,,
EMD,Financial Services,Asset Management
EMF,Financial Services,Asset Management
EMO,Financial Services,Asset Management
EMP,,
ENJ,,
ENO,,
EOCW,Financial Services,Shell Companies
EOD,Financial Services,Asset Management
EOI,Financial Services,Asset Management
EOS,Financial Services,Asset Management
ETG,Financial Services,Asset Management
ETJ,Financial Services,Asset Management
ETY,Financial Services,Asset Management
EVE,Financial Services,Shell Companies
EVG,Financial Services,Asset Management
EVT,Financial Services,Asset Management
EXG,Financial Services,Asset Management
FACT,Financial Services,Shell Companies
FAM,Financial Services,Asset Management
FCRX,,
FCT,Financial Services,Asset Management
FDEU,Financial Services,Asset Management
FEI           ,,
FFA,Financial Services,Asset Management
FFC,Financial Services,Asset Management
FGB,Financial Services,Asset Management
FIF,Financial Services,Asset Management
FLC,Financial Services,Asset Management
FLME,Financial Services,Shell Companies
FMY,Financial Services,Asset Management
FPF,Financial Services,Asset Management
FPL,Financial Services,Asset Management
FRXB,Financial Services,Shell Companies
FSD,Financial Services,Asset Management
FSNB,Financial Services,Shell Companies
FZT,Financial Services,Shell Companies
GAQ,Financial Services,Shell Companies
GDL,Financial Services,Asset Management
GDO,Financial Services,Asset Management
GER,Financial Services,Asset Management
GF,Financial Services,Asset Management
GFOR,Financial Services,Shell Companies
GFX,Financial Services,Shell Companies
GHY,Financial Services,Asset Management
GIM,Financial Services,Asset Management
GJH,,
GJO,,
GJP,,
GJR,,
GJS,,
GOF,Financial Services,Asset Management
GOGN,Financial Services,Shell Companies
GPJA,,
GSQB,Financial Services,Shell Companies
GUG,,
HCXY,,
HEI/A,,
HEQ,Financial Services,Asset Management
HFRO,Financial Services,Asset Management
HGLB,,
HHLA,Financial Services,Shell Companies
HIE,Financial Services,Asset Management
HIO,Financial Services,Asset Management
HIX,Financial Services,Asset Management
HMA,Financial Services,Shell Companies
HPF,Financial Services,Asset Management
HPI,Financial Services,Asset Management
HPS,Financial Services,Asset Management
HTD,Financial Services,Asset Management
HTFB,,
HTFC,,
HTY,Financial Services,Asset Management
HVT/A,,
HWKZ,Financial Services,Shell Companies
HYB,Financial Services,Asset Management
HYI,Financial Services,Asset Management
HYT,Financial Services,Asset Management
IAE,Financial Services,Asset Management
ICNC,Financial Services,Shell Companies
IDE,Financial Services,Asset Management
IFIN,Financial Services,Shell Companies
IFN,Financial Services,Asset Management
IGA,Financial Services,Asset Management
IGD,Financial Services,Asset Management
IGI,Financial Services,Asset Management
IGR,Financial Services,Asset Management
IHD,Financial Services,Asset Management
IIF,Financial Services,Asset Management
IIVI,Technology,Scientific & Technical Instruments
INSI,Financial Services,Asset Management
IRRX,Financial Services,Shell Companies
ISD,Financial Services,Asset Management
JCE,Financial Services,Asset Management
JFR,Financial Services,Asset Management
JGH,Financial Services,Asset Management
JLS,Financial Services,Asset Management
JMM,,
JOF,Financial Services,Asset Management
JPC,Financial Services,Asset Management
JPS,Financial Services,Asset Management
JQC,Financial Services,Asset Management
JRI,Financial Services,Asset Management
JRO,Financial Services,Asset Management
JRS,Financial Services,Asset Management
JSD,Financial Services,Asset Management
JUN,Financial Services,Shell Companies
KCGI,Financial Services,Shell Companies
KF,Financial Services,Asset Management
KIO,Financial Services,Asset Management
KKRS,,
KMPB,,
KNF,Basic Materials,Building Materials
KNSW,Financial Services,Shell Companies
KSM,Financial Services,Asset Management
KTH,,
KTN,,
LCW,Financial Services,Shell Companies
LDP,,
LGI,Financial Services,Asset Management
LHC,Financial Services,Shell Companies
LOCC,Financial Services,Shell Companies
MAV,Financial Services,Asset Management
MCN,Financial Services,Asset Management
MEGI,,
MGR,,
MGRB,,
MGRD,,
MHF,Financial Services,Asset Management
MHI,Financial Services,Asset Management
MHLA,,
MHNC,,
MIO,,
MMD,Financial Services,Asset Management
MMU,Financial Services,Asset Management
MNP,Financial Services,Asset Management
MNTN,Financial Services,Shell Companies
MPA,Financial Services,Asset Management
MSD,Financial Services,Asset Management
MTAL,Financial Services,Shell Companies
MTR,Energy,Oil & Gas E&P
MXE,Financial Services,Asset Management
MXF,Financial Services,Asset Management
MYN,Financial Services,Asset Management
NAC,Financial Services,Asset Management
NAD,Financial Services,Asset Management
NAZ,Financial Services,Asset Management
NBB,Financial Services,Asset Management
NBXG,,
NCA,Financial Services,Asset Management
NDP,Financial Services,Asset Management
NEA,Financial Services,Asset Management
NETC,Financial Services,Shell Companies
NFJ,Financial Services,Asset Management
NFNT,Financial Services,Shell Companies
NFYS,Financial Services,Shell Companies
NIM,Financial Services,Asset Management
NIMC,Utilities,Utilities—Regulated Gas
NIQ,Financial Services,Asset Management
NKX,Financial Services,Asset Management
NMAI,,
NMI,Financial Services,Asset Management
NMS,Financial Services,Asset Management
NMT,Financial Services,Asset Management
NMZ,Financial Services,Asset Management
NNY,Financial Services,Asset Management
NOM,Financial Services,Asset Management
NPCT,,
NPFD,Financial Services,Asset Management
NPV,Financial Services,Asset Management
NPWR,Financial Services,Shell Companies
NQP,Financial Services,Asset Management
NRK,Financial Services,Asset Management
NRT,Energy,Oil & Gas E&P
NRUC,,
NSL,Financial Services,Asset Management
NSS,,
NTG,Financial Services,Asset Management
NUV,Financial Services,Asset Management
NUW,Financial Services,Asset Management
NVG,Financial Services,Asset Management
NXJ,Financial Services,Asset Management
NZF,Financial Services,Asset Management
OPP,Financial Services,Asset Management
OSI,Financial Services,Shell Companies
PACI,Financial Services,Shell Companies
PAI,Financial Services,Asset Management
PAXS,Financial Services,Asset Management
PBT,Energy,Oil & Gas Midstream
PCF,Financial Services,Asset Management
PCGU,Utilities,Utilities—Regulated Electric
PCK,Financial Services,Asset Management
PCM,Financial Services,Asset Management
PCN,Financial Services,Asset Management
PCQ,Financial Services,Asset Management
PDT,Financial Services,Asset Management
PEO,Financial Services,Asset Management
PFD,Financial Services,Asset Management
PFH,,
PFL,,
PFN,,
PFO,,
PGP,,
PGSS,,
PGZ,,
PHD,,
PHK,,
PHT,,
PHYT,,
PIAI,,
PMF,,
PML,,
PMX,,
PNF,,
PNI,,
PORT,,
PRH,,
PRPC,Financial Services,Shell Companies
PTY,Financial Services,Asset Management
PYN,Financial Services,Asset Management
PYT,,
PZC,Financial Services,Asset Management
QFTA,Financial Services,Shell Companies
QVCC,,
QVCD,,
RA,Financial Services,Asset Management
RBCP,Industrials,Tools & Accessories
RCA,,
RCB,,
RCC,,
RCFA,Financial Services,Shell Companies
RCS,Financial Services,Asset Management
RIV,Financial Services,Asset Management
RJAC,Financial Services,Shell Companies
RLTY,Financial Services,Asset Management
RMMZ,,
ROSS,Financial Services,Shell Companies
RRAC,Financial Services,Shell Companies
RZB,,
RZC,,
SAJ,,
SAT,,
SAY,,
SAZ,,
SBBA,,
SBI,Financial Services,Asset Management
SBXC,Financial Services,Shell Companies
SCD,Financial Services,Asset Management
SEDA,Financial Services,Shell Companies
SFB,,
SHAP,Financial Services,Shell Companies
SJT,Energy,Oil & Gas E&P
SOJC,,
SOJD,,
SOJE,,
SPE,Financial Services,Asset Management
SPXX,Financial Services,Asset Management
SREA,,
SRV,Financial Services,Asset Management
STEW,Financial Services,Asset Management
STK,Financial Services,Asset Management
SWZ,Financial Services,Asset Management
TBB,,
TBC,,
TCOA,Financial Services,Shell Companies
TDF,Financial Services,Asset Management
TEI,Financial Services,Asset Management
TFSA,,
THQ,Financial Services,Asset Management
THW,Financial Services,Asset Management
TLGA,Financial Services,Shell Companies
TPTA,,
TPZ,Financial Services,Asset Management
TRCA,Financial Services,Shell Companies
TRIS,Financial Services,Shell Companies
TRTL,Financial Services,Shell Companies
TSI,Financial Services,Asset Management
TTP,Financial Services,Asset Management
TVC,,
TVE,,
TWN,Financial Services,Asset Management
TWOA,Financial Services,Shell Companies
UGIC,Utilities,Utilities—Regulated Gas
UNMA,,
USA,Financial Services,Asset Management
UTF,Financial Services,Asset Management
UZD,,
UZE,,
UZF,,
VBF,Financial Services,Asset Management
VCIF,Financial Services,Asset Management
VGI,Financial Services,Asset Management
VLT,Financial Services,Asset Management
VVR,Financial Services,Asset Management
WAVC,Financial Services,Shell Companies
WDI,,
WEA,Financial Services,Asset Management
WEL,Financial Services,Shell Companies
WIA,Financial Services,Asset Management
WIW,Financial Services,Asset Management
WNNR,Financial Services,Shell Companies
WSO/B,,
ZTR,Financial,Closed-End Fund - Equity
